67,446266
67,136058
67,99034
67,49050
67,-285654
67,304858
67,-14630
67,-399398
67,-14726
67,-511014
67,358746
67,-93350
67,-188118
67,170250
67,-352806
67,583066
67,133594
67,120874
67,-588902
67,398266
67,-90662
67,-515302
67,488922
67,116746
67,-4262
67,-372742
67,501594
67,235978
67,-69238
67,-366022
67,-108134
67,-382054
67,217802
67,-154710
67,-393510
67,-544230
67,-197766
67,-237190
67,402458
67,111642
67,265626
67,-176262
67,160346
67,271690
67,-236326
67,-493990
67,-186086
67,386906
67,-231718
67,56666
67,493498
67,128986
67,49114
67,-467046
67,410650
67,168282
67,382906
67,16346
67,-522022
67,-173382
67,409178
67,-29590
67,407322
67,285194
67,-62246
67,266906
67,-119510
67,-131078
67,461370
67,-109350
67,187354
67,213562
67,-229030
67,-361814
67,-60262
67,539354
67,-182822
67,-59318
67,4810
67,-6502
67,-142374
67,387770
67,37178
67,342106
67,-91174
67,-36566
67,-470438
67,159034
67,-1958
67,2778
67,-534726
67,-299558
67,-383302
67,-31878
67,-407590
67,520762
67,-72870
67,-73446
67,-240294
67,-499702
67,-415590
67,-112742
67,-236198
67,-295014
67,116314
67,-242534
67,147610
67,292570
67,-170470
67,221498
67,337210
67,505402
67,-100262
67,198826
67,422042
67,-586854
67,503610
67,-235910
67,-126406
67,-341590
67,131210
67,327930
67,-336678
67,10874
67,-200710
67,296074
67,-361382
67,-159606
67,-147190
67,-286694
67,-392710
67,131914
67,-409190
67,-328006
67,95386
67,339194
67,505114
67,-348646
67,284314
67,448474
67,-308262
67,-112054
67,449178
67,185594
67,-36470
67,500346
67,-549158
67,198506
67,325130
67,-435910
67,-101286
67,-353190
67,-468454
67,300058
67,-181014
67,309834
67,-341350
67,6250
67,-102566
67,77146
67,122330
67,173018
67,-15974
67,174794
67,-389430
67,42202
67,-325750
67,491706
67,-257254
67,-140614
67,161258
67,-13430
67,-532550
67,-498982
67,-273638
67,-442294
67,27082
67,255450
67,58154
67,-360710
67,36442
67,430170
67,235626
67,-26630
67,403690
67,128762
67,-398214
67,444250
67,-573990
67,87050
67,-203782
67,393722
67,-333334
67,291898
67,338682
67,34010
67,273274
67,216826
67,552506
67,-91622
67,447450
67,-407270
67,-21446
67,65722
67,-7974
67,-434214
67,-294950
67,52906
67,-205606
67,-262822
67,178458
67,-381110
67,-110630
67,235546
67,-202390
67,129130
67,531610
67,-461286
67,8538
67,-361478
67,47354
67,322810
67,-136646
67,-357718
67,-353926
67,-36086
67,-367654
67,-154998
67,330202
67,469466
67,395066
67,1594
67,-68294
67,13274
67,44378
67,81066
67,-272662
67,-505958
67,114458
67,-111238
67,108314
67,410010
67,567002
67,71450
67,-394342
67,255706
67,8282
67,-127574
67,-559974
67,238554
67,-131654
67,-464886
67,-377846
67,-379462
67,-34678
67,-304550
67,429850
67,14906
67,54138
67,395146
67,-59942
67,378138
67,-309030
67,260058
67,391418
67,-236390
67,-148790
67,-461990
67,424170
67,221802
67,367274
67,332666
67,-242262
67,-18710
67,144634
67,189130
67,196650
67,46650
67,-203398
67,-406166
67,-3878
67,464794
67,-156710
67,9770
67,-391366
67,591226
67,-372614
67,123994
67,-103254
67,-103974
67,215354
67,383450
67,90218
67,553450
67,326874
67,458202
67,-17222
67,-65142
67,439898
67,218362
67,-313510
67,-219206
67,211930
67,544986
67,-280486
67,-109958
67,321850
67,-575910
67,344298
67,-282838
67,-49542
67,-339830
67,325002
67,-406822
67,461882
67,-259750
67,-349382
67,-13910
67,-521894
67,337306
67,60906
67,-256294
67,340474
67,278906
67,-2838
67,207578
67,508346
67,457066
67,-91206
67,-82838
67,-289318
67,-30598
67,-484006
67,142362
67,-417830
67,30218
67,137050
67,-293446
67,-91142
67,-316390
67,351258
67,564346
67,284330
67,-358054
67,152490
67,-90214
67,99786
67,349738
67,-496646
67,459066
67,-207782
67,-96278
67,-379910
67,121498
67,194458
67,350426
67,173082
67,-557190
67,-101542
67,-116774
67,-293222
67,-424006
67,35834
67,313706
67,-125926
67,381866
67,245530
67,63162
67,-22054
67,-387750
67,480634
67,410394
67,207578
67,192634
67,-379942
67,-202502
67,-170342
67,-509350
67,-231942
67,-388774
67,-396646
67,-424150
67,512346
67,-186630
67,373242
67,420874
67,-116886
67,112346
67,-191270
67,12826
67,132922
67,358426
67,135434
67,246714
67,197210
67,-219046
67,-18742
67,315706
67,-39846
67,122154
67,12602
67,20314
67,349994
67,-306982
67,511930
67,-388486
67,-256726
67,135050
67,-165750
67,-63990
67,307770
67,407898
67,-456294
67,270810
67,344090
67,170554
67,122810
67,-291910
67,-286502
67,-127846
67,259930
67,109626
67,-167686
67,344602
67,-575014
67,-573062
67,-232902
67,-460774
67,71834
67,334010
67,191642
67,-402342
67,-327398
67,-305446
67,-352646
67,-384134
67,519258
67,235546
67,510330
67,114810
67,19994
67,106234
67,-297254
67,511274
67,276730
67,301882
67,-140326
67,-31590
67,-92342
67,-21414
67,-300230
67,256330
67,115946
67,89882
67,206186
67,-258806
67,-3830
67,-223686
67,504762
67,-12918
67,-246726
67,-198934
67,-266278
67,-158566
67,-63398
67,107386
67,-434806
67,-526374
67,-306598
67,-258022
67,-14326
67,-478230
67,-333078
67,-39974
67,260506
67,547738
67,-219974
67,-58582
67,-335894
67,-218102
67,68650
67,497466
67,-191414
67,-92838
67,228970
67,138458
67,-77542
67,-259510
67,-4662
67,536602
67,-393830
67,108666
67,444922
67,9242
67,495066
67,411802
67,511194
67,256474
67,-243494
67,-520262
67,-248294
67,39514
67,540266
67,-199718
67,173210
67,415290
67,-182086
67,-558902
67,-163526
67,219610
67,366042
67,-546550
67,-131686
67,245882
67,-73430
67,72714
67,353594
67,164506
67,228618
67,81050
67,-348646
67,-310758
67,-265942
67,-419974
67,241722
67,-152070
67,-87638
67,127786
67,291290
67,-55606
67,14746
67,-209830
67,-297846
67,53178
67,-415766
67,-499494
67,363242
67,327034
67,-157222
67,238074
67,582394
67,452794
67,193850
67,383194
67,356442
67,-61286
67,28090
67,-457670
67,418378
67,-272614
67,475642
67,445498
67,368346
67,325274
67,550602
67,-257030
67,432762
67,464874
67,-458790
67,370522
67,-486
67,-141926
67,-412534
67,195770
67,-337382
67,-206374
67,511930
67,261978
67,498970
67,496474
67,-249062
67,-465446
67,333274
67,-471574
67,-51734
67,-242726
67,253770
67,-165350
67,479770
67,-518022
67,488106
67,-26390
67,-423014
67,-202982
67,-224038
67,33658
67,-303622
67,566298
67,358810
67,402730
67,-331126
67,86042
67,423002
67,-275830
67,70634
67,205482
67,-244966
67,-335910
67,-73782
67,86842
67,-325990
67,-210230
67,-101110
67,181178
67,-112358
67,-74950
67,-152390
67,385050
67,421850
67,-223782
67,-370534
67,295002
67,-37926
67,-122918
67,-98134
67,287706
67,9210
67,-291046
67,300314
67,-283046
67,-41190
67,-12934
67,462922
67,-213286
67,-274214
67,-52774
67,72346
67,28986
67,-68710
67,308346
67,477082
67,-113878
67,-258950
67,281482
67,76250
67,-215142
67,82938
67,97098
67,-43270
67,26442
67,-306934
67,-350630
67,286218
67,-489526
67,397210
67,220634
67,349210
67,266410
67,179386
67,261098
67,249482
67,-36646
67,-495238
67,428234
67,44218
67,368986
67,539130
67,578202
67,-100390
67,-269142
67,30362
67,-806
67,8666
67,111706
67,-338246
67,120602
67,-349510
67,-174774
67,55210
67,360314
67,-432262
67,-466150
67,141642
67,-484134
67,111450
67,561114
67,-267622
67,497930
67,292890
67,19690
67,433370
67,-90374
67,-117686
67,151258
67,29338
67,-203174
67,-21014
67,241514
67,414298
67,139370
67,540986
67,406506
67,-245318
67,320026
67,-55910
67,201578
67,311722
67,-226262
67,370474
67,-138790
67,-534710
67,-99878
67,-489030
67,-85430
67,398810
67,-195270
67,-439014
67,121370
67,-316614
67,103258
67,-123814
67,-507750
67,135898
67,371082
67,182282
67,563130
67,241786
67,538922
67,277850
67,-480454
67,-107366
67,163834
67,146010
67,-135110
67,-339558
67,318490
67,-381830
67,-100230
67,225274
67,-444582
67,111610
67,62938
67,-470646
67,69498
67,-214310
67,281306
67,-425158
67,-54870
67,76586
67,-450950
67,239866
67,60698
67,-185654
67,-176454
67,-71702
67,166346
67,-137878
67,-458134
67,393914
67,551098
67,551930
67,418394
67,-435334
67,405850
67,556378
67,150010
67,-75302
67,234538
67,105082
67,-428294
67,63450
67,488218
67,-233670
67,-383526
67,-411878
67,-309990
67,-236230
67,-9350
67,150170
67,496906
67,389258
67,-50726
67,22234
67,357658
67,77482
67,-159846
67,133930
67,59866
67,375290
67,102170
67,-226230
67,518586
67,-99622
67,-212646
67,-492518
67,215530
67,-95142
67,-98838
67,427082
67,356026
67,-157222
67,428634
67,-188326
67,-341350
67,-288182
67,179898
67,-158758
67,137178
67,-160166
67,434906
67,-59638
67,-31830
67,467674
67,174810
67,-122918
67,-321286
67,58730
67,-471526
67,516650
67,-151846
67,-262278
67,166874
67,288954
67,-483062
67,2346
67,-144262
67,-41254
67,151418
67,-102710
67,255386
67,219770
67,-461750
67,-443126
67,-314550
67,-208934
67,-169126
67,138650
67,52954
67,-175590
67,-284790
67,-429222
67,144490
67,-509286
67,-161174
67,-467206
67,-13606
67,-24406
67,58778
67,442458
67,-89782
67,113866
67,91930
67,112730
67,340954
67,-473894
67,156058
67,-178406
67,118810
67,217562
67,-366726
67,-474118
67,492890
67,-288310
67,208346
67,284986
67,77498
67,-68646
67,427530
67,151642
67,-485734
67,-6950
67,210010
67,412570
67,217562
67,92362
67,551418
67,-406822
67,-435622
67,-127142
67,129594
67,-415430
67,-61734
67,-105894
67,-30774
67,372730
67,-189158
67,-321638
67,302042
67,403450
67,350026
67,-70278
67,456794
67,323514
67,57722
67,-268710
67,330010
67,55642
67,243130
67,-364646
67,-132966
67,-423174
67,-262054
67,52506
67,-424310
67,252090
67,-306662
67,-5542
67,-341094
67,-335590
67,-155558
67,-485862
67,93562
67,-343590
67,432570
67,16090
67,-152102
67,120538
67,-174246
67,-24038
67,518730
67,392570
67,475130
67,-413030
67,280394
67,-340598
67,3418
67,-330246
67,24666
67,-37062
67,146266
67,105674
67,32650
67,87274
67,30746
67,342938
67,9946
67,12506
67,519546
67,-423590
67,-397222
67,-367590
67,134106
67,134314
67,-162070
67,310010
67,-137670
67,-463366
67,224858
67,-232774
67,260634
67,466026
67,-466726
67,-314150
67,95770
67,-54102
67,277786
67,-391750
67,279290
67,-102374
67,-224742
67,-503750
67,117450
67,577818
67,197946
67,-303270
67,86042
67,-335798
67,34778
67,50554
67,276746
67,272826
67,-466390
67,450010
67,361786
67,191370
67,-509510
67,-185222
67,-291734
67,-37990
67,-132966
67,-74214
67,414106
67,586074
67,-318614
67,214106
67,501786
67,-143398
67,292650
67,392282
67,-155430
67,548314
67,205274
67,572506
67,537946
67,363130
67,-141830
67,334042
67,200474
67,235994
67,-504902
67,222298
67,229978
67,242650
67,-121382
67,-266950
67,-225654
67,154874
67,363226
67,134586
67,86874
67,-211366
67,48426
67,432282
67,39994
67,293226
67,432442
67,286490
67,77594
67,457882
67,-228390
67,351450
67,-99190
67,61818
67,-9958
67,-264678
67,-125846
67,-245926
67,-458582
67,-495734
67,-28710
67,-62422
67,11194
67,-433446
67,249818
67,-100006
67,-49702
67,338906
67,134618
67,-101446
67,240378
67,309850
67,-68358
67,-75494
67,429002
67,260954
67,38778
67,-24374
67,397274
67,230378
67,50330
67,-331766
67,14506
67,29466
67,498282
67,-36806
67,-337318
67,334810
67,-186278
67,-190006
67,320954
67,-281846
67,256730
67,-3190
67,-168886
67,171034
67,-129798
67,206938
67,-343462
67,268058
67,-322470
67,-183846
67,-140614
67,596986
67,-181894
67,331402
67,-105094
67,-208550
67,516650
67,-244966
67,-165478
67,364250
67,-352022
67,75610
67,319306
67,65370
67,326778
67,-308518
67,-262054
67,-423142
67,216218
67,-39478
67,329050
67,322938
67,-179782
67,-371494
67,-179110
67,-451494
67,245306
67,85146
67,-336822
67,-127334
67,-61734
67,485066
67,-499046
67,-238758
67,177434
67,176666
67,11706
67,408282
67,462650
67,304346
67,276618
67,-291654
67,169162
67,168106
67,411258
67,356378
67,-200774
67,-381462
67,379994
67,61370
67,29690
67,23930
67,212506
67,-104070
67,-174598
67,-552454
67,439914
67,164474
67,-122182
67,168506
67,-423270
67,-507046
67,355306
67,295802
67,-131494
67,-434150
67,-558214
67,-404998
67,199034
67,524250
67,158458
67,285274
67,-565382
67,188282
67,-8902
67,128746
67,236378
67,-175974
67,-254950
67,-135094
67,-5542
67,-414310
67,-126118
67,73370
67,417498
67,101274
67,228682
67,-196742
67,18058
67,-103718
67,167802
67,-576710
67,-88230
67,174474
67,-458534
67,-534118
67,-310310
67,-104454
67,512058
67,-243846
67,276314
67,443066
67,512010
67,322458
67,-483654
67,346618
67,110746
67,500106
67,-121862
67,-225830
67,14810
67,-413894
67,-366166
67,-120854
67,429946
67,384330
67,-47238
67,250394
67,273930
67,-222374
67,-219094
67,297722
67,287386
67,110522
67,58026
67,-475734
67,401610
67,374682
67,497050
67,121194
67,-33046
67,-35366
67,-200806
67,-337926
67,337370
67,-265126
67,-38518
67,-222246
67,378074
67,-267046
67,-497446
67,-117686
67,-362038
67,29994
67,-250374
67,-113206
67,-80966
67,355162
67,-39350
67,298842
67,-106758
67,85594
67,-412710
67,160314
67,177050
67,-77382
67,552346
67,-452198
67,-56166
67,-252134
67,-47254
67,-42214
67,-243110
67,173018
67,-222086
67,288218
67,143274
67,190970
67,-363686
67,-347030
67,-544102
67,448090
67,-387686
67,165642
67,-187830
67,295962
67,-437542
67,-305190
67,-596230
67,-211526
67,260810
67,66394
67,-37926
67,189434
67,10906
67,10906
67,91386
67,330474
67,-252902
67,-445942
67,-227302
67,-320918
67,209914
67,34650
67,6442
67,190378
67,364858
67,332378
67,312154
67,-9254
67,123994
67,-89062
67,434938
67,-471974
67,-434998
67,472666
67,-64486
67,-11606
67,56730
67,-340774
67,-417318
67,-447014
67,405754
67,-438262
67,-111654
67,12346
67,-432774
67,125530
67,-476710
67,553322
67,268202
67,-383590
67,-145238
67,267050
67,57850
67,7962
67,210874
67,-373638
67,67898
67,-337670
67,329050
67,-216838
67,501306
67,-420950
67,-109606
67,-572518
67,4250
67,51898
67,203050
67,259930
67,80314
67,14138
67,-44646
67,443594
67,173690
67,-20758
67,-28454
67,423450
67,-115270
67,41434
67,-264710
67,-195094
67,-509222
67,-466726
67,55882
67,414154
67,264154
67,-163750
67,297626
67,-265926
67,401674
67,225818
67,-323238
67,-148166
67,-222310
67,-551318
67,242650
67,-433430
67,466106
67,375642
67,174522
67,226426
67,296474
67,177418
67,406618
67,-330758
67,-166742
67,77578
67,94570
67,243386
67,-375126
67,205210
67,57994
67,-198
67,-188038
67,-466054
67,392618
67,551866
67,-404134
67,-118326
67,-378566
67,33754
67,-171750
67,213722
67,-2022
67,339034
67,549498
67,-216294
67,-145190
67,164058
67,372314
67,-481510
67,-451046
67,511226
67,-453670
67,75626
67,559930
67,199306
67,69130
67,-146406
67,-137190
67,321290
67,160346
67,-7142
67,-345830
67,469178
67,-260294
67,-101510
67,296874
67,-114214
67,562970
67,-537190
67,187242
67,-12166
67,247514
67,-228310
67,107866
67,-30886
67,-26118
67,-212630
67,176250
67,-279494
67,202186
67,68218
67,-420230
67,-205222
67,312474
67,99962
67,-103142
67,285466
67,-133174
67,452170
67,-116406
67,54970
67,567898
67,-467702
67,33290
67,-107814
67,-367990
67,252058
67,-73638
67,-206566
67,-185062
67,-218278
67,78202
67,-95078
67,-279238
67,256426
67,390746
67,345194
67,15770
67,575834
67,395098
67,129946
67,-211174
67,265450
67,-408326
67,-5062
67,-507686
67,-281350
67,363210
67,-396070
67,-184886
67,-111302
67,82650
67,-510790
67,-280198
67,-175366
67,229226
67,138458
67,325546
67,22682
67,344666
67,-106086
67,296794
67,-236694
67,-398390
67,375930
67,188138
67,-62726
67,150746
67,-448774
67,54042
67,375642
67,573082
67,-258950
67,240090
67,32346
67,366842
67,264410
67,102570
67,-200534
67,-156214
67,381626
67,-331190
67,-362918
67,-205846
67,-428182
67,235962
67,416170
67,70106
67,-361654
67,-62598
67,58874
67,118106
67,-110374
67,337850
67,443210
67,249562
67,271226
67,-169910
67,267898
67,-527206
67,20506
67,433626
67,-295030
67,-43398
67,140538
67,341530
67,312874
67,-376550
67,-106918
67,438650
67,30490
67,342298
67,237482
67,374810
67,194362
67,-69750
67,357930
67,202234
67,-269942
67,345402
67,271514
67,-252006
67,-396326
67,371194
67,-532534
67,498826
67,88666
67,-165366
67,-263206
67,-332358
67,84538
67,-116774
67,436378
67,92554
67,-90566
67,-452662
67,-448470
67,17674
67,-250166
67,189850
67,319226
67,-155974
67,420858
67,-212038
67,-210694
67,-190102
67,-64294
67,340602
67,438394
67,315546
67,-269606
67,-345766
67,17994
67,429146
67,342458
67,-243494
67,-119782
67,-33446
67,47514
67,-322150
67,92250
67,-239558
67,-181670
67,259674
67,-139670
67,222746
67,-154278
67,55898
67,61146
67,-60678
67,-63846
67,305674
67,-230118
67,-97414
67,141578
67,-160198
67,227018
67,-31590
67,-130534
67,-472198
67,62858
67,-206294
67,154842
67,254554
67,-46630
67,-217110
67,-206278
67,110682
67,-498822
67,-153094
67,-310950
67,-143590
67,-282566
67,-219654
67,36026
67,-256358
67,-143014
67,478170
67,147706
67,-227558
67,223962
67,363786
67,-261222
67,237306
67,320858
67,514522
67,172282
67,355802
67,298266
67,-494614
67,218842
67,196906
67,-212902
67,284122
67,30490
67,-94950
67,445786
67,139450
67,-30726
67,-215590
67,149114
67,-335302
67,463898
67,-510102
67,417562
67,-489558
67,93914
67,58106
67,-287814
67,-154262
67,225690
67,-108326
67,450778
67,89690
67,105658
67,-180550
67,150218
67,425306
67,72154
67,-53462
67,-126886
67,-525366
67,-93478
67,17610
67,-151542
67,-563366
67,-180550
67,-518950
67,-305894
67,-219622
67,494298
67,-17094
67,326746
67,-203654
67,403802
67,-216742
67,501082
67,-391910
67,-274726
67,25322
67,-387782
67,343834
67,447866
67,-424870
67,-982
67,-406310
67,117322
67,-170054
67,-488102
67,392714
67,-248310
67,-267734
67,-98726
67,-430438
67,448282
67,404826
67,-151030
67,-76662
67,307546
67,-312998
67,534490
67,-26150
67,-319030
67,-406982
67,10442
67,-526630
67,-13606
67,-339046
67,-444422
67,435386
67,518250
67,588250
67,280186
67,-210726
67,-428966
67,-30886
67,400954
67,-355494
67,246490
67,-392774
67,-277670
67,364202
67,446026
67,-221462
67,211546
67,508538
67,-373638
67,196922
67,412090
67,-391366
67,290186
67,-104278
67,-451238
67,-242662
67,288506
67,-279974
67,-160086
67,6826
67,567258
67,149578
67,-71078
67,-257206
67,161082
67,-240534
67,123866
67,-83110
67,-474598
67,107098
67,-282886
67,319850
67,332378
67,-168374
67,29626
67,-523942
67,247898
67,499770
67,37210
67,-314534
67,-368950
67,485722
67,536026
67,-347270
67,186138
67,36810
67,-361958
67,111818
67,-138742
67,-416422
67,193242
67,-563750
67,496730
67,-349862
67,553882
67,-59494
67,-290982
67,365146
67,-61350
67,437290
67,447866
67,548154
67,-152422
67,-310390
67,258794
67,-434918
67,459642
67,222410
67,-416518
67,-400422
67,-152166
67,-33670
67,-151334
67,236666
67,-4534
67,-124230
67,8122
67,-434214
67,343258
67,154746
67,-252230
67,130602
67,233786
67,-343366
67,134426
67,530138
67,-209350
67,158602
67,-415622
67,-532534
67,495034
67,-161574
67,331130
67,130090
67,228842
67,530458
67,-447206
67,31514
67,-234406
67,59162
67,94410
67,-521254
67,-154630
67,202490
67,209914
67,303962
67,422362
67,-11606
67,-101286
67,322970
67,284538
67,-429862
67,-527638
67,338778
67,306266
67,60634
67,-79270
67,137626
67,-54310
67,157290
67,365402
67,-569894
67,-87590
67,373418
67,40282
67,206746
67,471514
67,-147110
67,307146
67,478426
67,468826
67,-182342
67,375482
67,-93974
67,119578
67,254042
67,144154
67,20154
67,56282
67,-266278
67,205434
67,181498
67,-357302
67,548570
67,-432166
67,-411046
67,-334886
67,-415270
67,-541670
67,86506
67,-407158
67,-48838
67,-96550
67,-272582
67,215466
67,-28342
67,-472486
67,-46326
67,476218
67,-462854
67,-353990
67,-18534
67,158746
67,452954
67,168538
67,38810
67,-464006
67,212570
67,-361126
67,396586
67,-282022
67,-15654
67,273146
67,340090
67,-278038
67,-120294
67,-227878
67,264810
67,-14758
67,-122742
67,521306
67,45114
67,547866
67,60826
67,294106
67,-210214
67,74202
67,-251686
67,509706
67,212346
67,99258
67,178346
67,-191654
67,-283814
67,-320070
67,-411430
67,119770
67,323210
67,483978
67,242330
67,115738
67,328138
67,465274
67,-340022
67,-405286
67,-182726
67,-596406
67,429674
67,-158998
67,197594
67,-115782
67,200090
67,-339734
67,358634
67,-180006
67,323258
67,-140966
67,-313926
67,-111014
67,267386
67,-324902
67,-39110
67,-232742
67,-292374
67,63226
67,222810
67,87514
67,88154
67,-279430
67,230922
67,-141622
67,398234
67,-239174
67,476474
67,290522
67,257818
67,-157862
67,-300966
67,59722
67,-240406
67,-196966
67,-255638
67,58058
67,-343366
67,-398982
67,33034
67,176810
67,-311542
67,9050
67,-555814
67,389946
67,-390086
67,-360646
67,-262406
67,-89606
67,40538
67,519578
67,-437430
67,92010
67,-44742
67,80890
67,-205862
67,-106342
67,526138
67,-138726
67,-9830
67,31706
67,-209350
67,-363046
67,268474
67,347834
67,577226
67,378202
67,-494182
67,415130
67,425946
67,536826
67,-157110
67,328874
67,319770
67,35930
67,319514
67,-126742
67,-374406
67,103738
67,322010
67,472410
67,8890
67,298074
67,227258
67,2650
67,-8598
67,460090
67,-341926
67,-590070
67,402074
67,-139862
67,-468518
67,146810
67,547882
67,-49478
67,-87382
67,303226
67,329882
67,183338
67,-88486
67,-522502
67,-386454
67,368730
67,-91030
67,344538
67,432890
67,-67110
67,269658
67,292058
67,155162
67,391274
67,-306182
67,407898
67,414810
67,305530
67,-230566
67,322458
67,-224870
67,-366150
67,204986
67,-397414
67,-383350
67,-255302
67,288954
67,-369894
67,-549670
67,59930
67,202442
67,-352262
67,-348454
67,462746
67,-348134
67,-423110
67,394074
67,-303878
67,-157030
67,361434
67,468490
67,188090
67,55194
67,305754
67,-66166
67,556490
67,350826
67,-326998
67,199002
67,-76470
67,-252262
67,180442
67,76650
67,457114
67,-94374
67,-489478
67,575578
67,-314406
67,-313718
67,-6262
67,-472566
67,576730
67,-288470
67,195562
67,296026
67,260394
67,53402
67,519898
67,168410
67,-546902
67,-57190
67,221114
67,-351478
67,-393414
67,-313286
67,-331910
67,-348182
67,412250
67,-235894
67,-355926
67,-355366
67,178010
67,138074
67,422138
67,-389926
67,-293526
67,-520934
67,-568870
67,-241110
67,64282
67,10890
67,280570
67,104602
67,-434870
67,181082
67,-109990
67,585242
67,-481078
67,-483414
67,-197062
67,-30022
67,-536246
67,-38822
67,507034
67,381306
67,218506
67,16986
67,486202
67,-345526
67,156186
67,-171030
67,-145190
67,-105302
67,-383014
67,-180134
67,-381734
67,-154054
67,-470598
67,380474
67,-546502
67,-108806
67,-486662
67,-101414
67,-18182
67,587802
67,-299558
67,153754
67,-64150
67,-542950
67,-145702
67,204186
67,429338
67,267802
67,-165782
67,447674
67,-56998
67,-522022
67,-51702
67,262778
67,-244966
67,554010
67,461914
67,-281126
67,-72934
67,-414374
67,-155798
67,120266
67,507226
67,-319926
67,-239334
67,106522
67,45018
67,-249766
67,449722
67,-423158
67,129082
67,-528982
67,55818
67,328026
67,205018
67,202586
67,-340390
67,-112102
67,562138
67,309706
67,70346
67,-125846
67,-560710
67,-211622
67,43770
67,-180102
67,-12006
67,-571270
67,-247878
67,355466
67,-401190
67,92042
67,142154
67,-365766
67,-218950
67,-488054
67,-473510
67,-13094
67,316762
67,-479462
67,318314
67,-356342
67,112026
67,395194
67,-301446
67,-501158
67,-129830
67,-294550
67,66490
67,-41670
67,346330
67,436282
67,123354
67,-216150
67,458826
67,-113702
67,529306
67,-224678
67,322394
67,121402
67,-272934
67,63706
67,520074
67,193754
67,-272038
67,300986
67,303546
67,356442
67,489754
67,80506
67,51050
67,362490
67,146266
67,25274
67,145210
67,-157654
67,158410
67,221754
67,-487334
67,-446662
67,257066
67,-344102
67,293386
67,29786
67,-62966
67,-270630
67,-83542
67,-474790
67,-535270
67,-97254
67,514970
67,309178
67,108122
67,121146
67,-403238
67,91674
67,349658
67,234330
67,346170
67,-10054
67,569050
67,-409030
67,503370
67,405578
67,-540150
67,61754
67,-51990
67,-450662
67,354218
67,-374710
67,444250
67,-72934
67,-94390
67,-230374
67,49402
67,-566246
67,-43270
67,86394
67,-356870
67,-207190
67,16954
67,5770
67,216906
67,482490
67,-287062
67,418538
67,148714
67,-353606
67,-281206
67,21466
67,-31846
67,482970
67,-473142
67,448058
67,-527014
67,284218
67,-283750
67,350170
67,474650
67,88394
67,6858
67,296298
67,-233526
67,18890
67,176506
67,-157814
67,-423462
67,1658
67,-146726
67,24474
67,1882
67,-219622
67,-411430
67,-428982
67,-116118
67,-381014
67,-172822
67,-90534
67,-201094
67,-187590
67,-247190
67,-41606
67,-256166
67,-185222
67,4378
67,81002
67,103498
67,-13958
67,-545830
67,-71590
67,24986
67,-285862
67,274970
67,-2966
67,-204182
67,-455494
67,389210
67,-65638
67,-269654
67,-160758
67,-577926
67,407930
67,476762
67,97658
67,-436934
67,267770
67,-99862
67,98170
67,91850
67,-41334
67,189274
67,-245798
67,-103078
67,-180166
67,-21542
67,327386
67,104026
67,59114
67,-430390
67,-30038
67,343882
67,150122
67,-443046
67,-254374
67,-554374
67,-375782
67,-77766
67,-29782
67,510554
67,432490
67,25274
67,438106
67,199786
67,334250
67,-135974
67,-289222
67,399130
67,43098
67,250074
67,-262054
67,208602
67,113882
67,227258
67,17690
67,265322
67,-477286
67,-83206
67,-374470
67,-320070
67,501226
67,-507830
67,-451750
67,342682
67,-145206
67,-1766
67,197610
67,329018
67,-224550
67,-142534
67,235162
67,-219654
67,315706
67,128794
67,-330406
67,149930
67,-188326
67,-481126
67,-6950
67,-163910
67,-386710
67,25306
67,-358310
67,570074
67,-186358
67,48378
67,217978
67,182426
67,-247366
67,71770
67,183690
67,384202
67,-168550
67,-421926
67,283162
67,521722
67,-208326
67,189530
67,438986
67,437946
67,148826
67,271898
67,-221606
67,-545830
67,508586
67,-178358
67,-82726
67,-147942
67,125818
67,-211206
67,-370566
67,-379094
67,402458
67,43066
67,228554
67,221978
67,-52726
67,472730
67,67978
67,-15206
67,-161990
67,-380966
67,555482
67,235610
67,-494534
67,-257190
67,-31174
67,-576742
67,-385126
67,-64102
67,-89350
67,469226
67,-275062
67,532634
67,-56694
67,-520230
67,385882
67,287930
67,-286822
67,75066
67,338650
67,456730
67,435626
67,-204070
67,-264774
67,-96230
67,-324166
67,262362
67,-199558
67,175066
67,-196006
67,-9238
67,319674
67,-351014
67,-423046
67,-335718
67,-18598
67,26298
67,-437094
67,23130
67,436874
67,-438246
67,-3110
67,-466726
67,-207590
67,-177190
67,-24646
67,506010
67,184442
67,-95462
67,-229094
67,-345062
67,474442
67,-65606
67,234202
67,-378966
67,127514
67,-501446
67,396682
67,66138
67,-319254
67,-262166
67,99866
67,-5478
67,-42886
67,-46566
67,-333670
67,53514
67,-64038
67,-39142
67,-329702
67,522970
67,366042
67,393626
67,376090
67,-33062
67,-287254
67,-370134
67,411466
67,7930
67,173626
67,22106
67,201946
67,-184150
67,-51398
67,312410
67,-475430
67,392650
67,235578
67,185690
67,310970
67,-259990
67,37930
67,519514
67,-2598
67,-248390
67,-169254
67,163738
67,-273398
67,-154118
67,-354790
67,190586
67,-489462
67,394330
67,571898
67,-142598
67,358922
67,1370
67,74074
67,491770
67,-298630
67,-244582
67,481626
67,321242
67,204170
67,531770
67,-236934
67,-407590
67,381658
67,143882
67,474074
67,-82646
67,38426
67,-157638
67,-394150
67,129946
67,-376070
67,-393990
67,-295974
67,93498
67,83450
67,-353110
67,500522
67,-537062
67,-366726
67,514890
67,-309990
67,422074
67,-228198
67,-416806
67,-471014
67,327034
67,-396070
67,526682
67,208282
67,43626
67,501594
67,-98054
67,517530
67,-221558
67,160778
67,77610
67,561178
67,519594
67,-290614
67,308282
67,-252790
67,230970
67,-108998
67,445482
67,-302374
67,-63398
67,-420166
67,114522
67,550298
67,-12326
67,336090
67,-372518
67,-521718
67,-288886
67,106714
67,486154
67,213354
67,-169862
67,-405254
67,348330
67,-313478
67,117658
67,337306
67,-62342
67,220634
67,-139798
67,222650
67,-11782
67,-90854
67,-465958
67,451514
67,-213686
67,-310630
67,255610
67,133306
67,186234
67,-177318
67,-162630
67,182906
67,282394
67,-71158
67,424506
67,41786
67,130954
67,64554
67,-477350
67,49354
67,63450
67,-99574
67,350890
67,33114
67,393226
67,123450
67,35642
67,-301734
67,193498
67,484026
67,263866
67,-309702
67,582010
67,76378
67,175258
67,-122438
67,154810
67,81866
67,-487750
67,166874
67,424026
67,-70310
67,-51110
67,-84054
67,-209462
67,156634
67,-74406
67,415850
67,-310726
67,-53878
67,403642
67,538906
67,-92774
67,-216790
67,113642
67,291898
67,-32870
67,-118102
67,113450
67,-264422
67,-114854
67,143434
67,525530
67,22746
67,354170
67,-120710
67,30586
67,60762
67,181690
67,-290470
67,-361606
67,-2662
67,314394
67,275386
67,-310774
67,517018
67,-355670
67,-479590
67,-254822
67,-359462
67,515066
67,189002
67,145802
67,-82822
67,24730
67,122522
67,-32630
67,-277846
67,-143270
67,-204262
67,139978
67,-124342
67,52218
67,320874
67,-164294
67,155466
67,135018
67,462170
67,-342438
67,199066
67,-100646
67,-483014
67,452570
67,214106
67,208474
67,310490
67,-34726
67,-166694
67,-12038
67,-108294
67,86618
67,516922
67,-356582
67,566202
67,207290
67,561818
67,-345830
67,32090
67,478298
67,46010
67,-402310
67,401802
67,-268710
67,395690
67,-141862
67,236986
67,318938
67,250490
67,-64326
67,-352870
67,441370
67,-173446
67,182090
67,383914
67,-419238
67,28218
67,-213638
67,922
67,333562
67,448314
67,-43926
67,-267494
67,189146
67,-297734
67,-223782
67,367450
67,378874
67,-4646
67,25178
67,353466
67,484218
67,-345046
67,160010
67,57498
67,82138
67,-340870
67,-416422
67,437722
67,-246726
67,-295910
67,123226
67,28922
67,-55654
67,298618
67,103754
67,460426
67,17914
67,-484326
67,317354
67,475450
67,94554
67,596570
67,126586
67,41866
67,-516038
67,-202438
67,370522
67,16426
67,-16422
67,336842
67,-11174
67,322074
67,464650
67,-158150
67,46650
67,-434726
67,-220934
67,32474
67,489930
67,-337638
67,-372070
67,552794
67,325434
67,420570
67,-240230
67,-304390
67,-133334
67,-60454
67,171002
67,-486326
67,477674
67,-25158
67,27914
67,-316966
67,-580518
67,-282230
67,-11878
67,277962
67,465754
67,26458
67,-99494
67,-208678
67,-53798
67,285834
67,-62886
67,-393446
67,-135462
67,237658
67,-492822
67,396234
67,32730
67,-65574
67,214682
67,455834
67,-42534
67,-392358
67,159194
67,471210
67,-490966
67,427050
67,-127030
67,-303350
67,85114
67,-268406
67,-15782
67,-110582
67,492762
67,357946
67,362410
67,-333446
67,50778
67,36986
67,-216246
67,-314342
67,279482
67,85754
67,21850
67,-220166
67,380554
67,254170
67,292186
67,-177670
67,119130
67,-196934
67,83834
67,-82726
67,-319014
67,-449062
67,-440390
67,332074
67,-87782
67,446938
67,-177574
67,-366118
67,-36246
67,-336710
67,341082
67,-325894
67,-113830
67,461402
67,-287574
67,573290
67,46170
67,306154
67,337242
67,-116134
67,-180726
67,581642
67,-415174
67,-149254
67,-63830
67,-127686
67,-81750
67,382538
67,-129574
67,-245318
67,5914
67,459290
67,-78054
67,2522
67,-227366
67,322778
67,-568230
67,49466
67,75898
67,383674
67,195610
67,325018
67,413466
67,-327206
67,-424870
67,-332422
67,291226
67,-410918
67,356170
67,-312870
67,140906
67,441930
67,-409558
67,164058
67,-370358
67,-107462
67,-195670
67,510426
67,286586
67,213978
67,224490
67,-284198
67,84506
67,424186
67,538
67,-503046
67,173770
67,-269190
67,-21766
67,222154
67,353114
67,-54854
67,-159942
67,373594
67,269306
67,-86310
67,87322
67,-257542
67,-152230
67,-43046
67,-284646
67,125978
67,318106
67,344890
67,-95462
67,-448886
67,19402
67,82714
67,512090
67,-282870
67,-466214
67,213082
67,173866
67,110682
67,-184598
67,-217318
67,182234
67,385562
67,51194
67,475226
67,-170854
67,-423238
67,274154
67,-135846
67,64538
67,-549030
67,17338
67,-116582
67,246522
67,-165174
67,-232886
67,19930
67,-374070
67,224906
67,-27814
67,-184662
67,-51878
67,54394
67,187626
67,511146
67,275738
67,570458
67,-414534
67,-68710
67,209706
67,-66886
67,-440086
67,-345766
67,511610
67,-432470
67,-135590
67,302042
67,431546
67,-491558
67,-140582
67,-485990
67,-78566
67,-221766
67,-345766
67,124090
67,271450
67,-96694
67,428250
67,408746
67,220762
67,-525238
67,387866
67,130842
67,-12630
67,517514
67,30170
67,-185318
67,-83702
67,-98406
67,-599590
67,7418
67,-2534
67,-7270
67,-210422
67,-427302
67,291226
67,-321942
67,52362
67,-1286
67,457818
67,-24166
67,-69510
67,-39686
67,-8678
67,332586
67,205210
67,386730
67,105594
67,-300966
67,145754
67,-94054
67,-391814
67,334458
67,-71446
67,-65190
67,31450
67,-349894
67,413866
67,238234
67,207642
67,537370
67,384218
67,119226
67,-140902
67,439450
67,-18566
67,-457190
67,-577462
67,332890
67,101338
67,-450278
67,-308006
67,248650
67,165434
67,-66630
67,359626
67,-286950
67,-499702
67,-431478
67,-70310
67,-341606
67,-100374
67,91642
67,-114086
67,143018
67,-480070
67,-321830
67,-285766
67,378682
67,-72902
67,-48262
67,-288854
67,-168310
67,-68454
67,195514
67,506074
67,-442150
67,-16230
67,-104774
67,-112454
67,-46630
67,5514
67,205482
67,230250
67,-194326
67,-426486
67,171866
67,279370
67,130714
67,242890
67,-550822
67,-149654
67,91818
67,-344662
67,-74406
67,-127302
67,-118694
67,283210
67,-89878
67,178298
67,192394
67,216026
67,-120006
67,508186
67,-67878
67,485850
67,-171382
67,347226
67,-318310
67,502874
67,192570
67,294218
67,159482
67,92634
67,119722
67,475626
67,326810
67,-100774
67,-318406
67,544858
67,548698
67,-5974
67,-26998
67,-102214
67,-500390
67,-57702
67,-288966
67,166394
67,-203734
67,-164374
67,-161830
67,460154
67,320650
67,-130118
67,-130870
67,-339894
67,-385078
67,-539942
67,565722
67,-490982
67,36954
67,558986
67,404746
67,-153446
67,47242
67,-100006
67,-54246
67,-73350
67,217498
67,328474
67,581722
67,238362
67,-432358
67,286010
67,-393206
67,508570
67,328410
67,-312598
67,-225446
67,-122550
67,475514
67,-338438
67,-284902
67,455514
67,151450
67,266538
67,-267494
67,-392902
67,-176406
67,-550
67,294362
67,-261286
67,-342166
67,-61830
67,-194726
67,-34278
67,-131174
67,297082
67,-331494
67,305498
67,-40806
67,470138
67,179306
67,-233126
67,538490
67,342938
67,-176422
67,280490
67,320986
67,-221030
67,-112742
67,-155174
67,298538
67,107274
67,474330
67,-52774
67,-551590
67,53338
67,-119446
67,410106
67,-227750
67,218570
67,491290
67,-368038
67,-330950
67,-276118
67,329594
67,-36614
67,111082
67,-524390
67,487898
67,227386
67,-191366
67,-394662
67,322954
67,498010
67,351690
67,-533286
67,55322
67,-479526
67,586346
67,-443558
67,-488934
67,267354
67,-249334
67,399514
67,-389158
67,-89462
67,130282
67,-566182
67,-414182
67,-158262
67,-495478
67,34010
67,348250
67,101530
67,54106
67,532826
67,-212374
67,539354
67,-46438
67,522074
67,-462566
67,578938
67,39418
67,-237206
67,116410
67,264346
67,-234214
67,313434
67,92410
67,-94150
67,30362
67,-196982
67,-429926
67,314218
67,-429430
67,-305670
67,-159782
67,-514326
67,173338
67,-411318
67,-305126
67,156890
67,-3430
67,248746
67,28586
67,-400534
67,-459814
67,489034
67,-285766
67,-575462
67,-82182
67,123994
67,565466
67,-143974
67,-124214
67,-379558
67,9994
67,-121510
67,50138
67,-253222
67,466522
67,-428646
67,129626
67,-477686
67,14074
67,24154
67,72938
67,313994
67,-452550
67,334906
67,267754
67,254554
67,-282630
67,-367526
67,-135654
67,-164358
67,-39622
67,-201190
67,174938
67,-261638
67,372826
67,175194
67,54362
67,-85670
67,-441862
67,334858
67,327818
67,-201766
67,272474
67,414634
67,-154470
67,161658
67,179034
67,264410
67,326746
67,125882
67,18138
67,-255142
67,-328726
67,-354790
67,421770
67,41962
67,-40182
67,-592838
67,-116422
67,283578
67,-415622
67,202330
67,131546
67,-308230
67,-151094
67,-523302
67,-158678
67,101338
67,340474
67,-563110
67,-401318
67,147850
67,-323622
67,149626
67,-460790
67,404890
67,8346
67,409450
67,261466
67,-112550
67,-302502
67,1402
67,-472486
67,-365798
67,115034
67,410538
67,-236550
67,-327334
67,188362
67,358298
67,-235174
67,-40550
67,-193398
67,296794
67,-3878
67,-537830
67,507226
67,318314
67,221850
67,268634
67,548810
67,80058
67,69386
67,317210
67,-322710
67,-43238
67,198170
67,-12326
67,-399590
67,-459302
67,421066
67,88762
67,241370
67,366874
67,385562
67,-226598
67,-216166
67,-443798
67,434490
67,222170
67,16090
67,-164326
67,28826
67,266650
67,-189030
67,81226
67,366682
67,-410550
67,-365030
67,-231638
67,-543974
67,6874
67,69770
67,16090
67,-339142
67,-29398
67,-388166
67,281434
67,-110662
67,-505094
67,233498
67,44330
67,373738
67,16266
67,-505510
67,-446886
67,56618
67,445146
67,-320486
67,-314934
67,105946
67,507482
67,153082
67,157498
67,273242
67,-382502
67,-299366
67,-138150
67,412762
67,195290
67,548410
67,-412054
67,117146
67,211994
67,582458
67,-494566
67,288122
67,329258
67,-27174
67,-437062
67,476314
67,-22406
67,-148390
67,-58470
67,-291382
67,323658
67,-352150
67,452154
67,-301942
67,139946
67,-305222
67,-301094
67,-465030
67,578826
67,66650
67,547674
67,351002
67,148426
67,-556678
67,57002
67,-159878
67,-341670
67,-101030
67,-275590
67,99770
67,-551878
67,301722
67,344154
67,200730
67,7050
67,178282
67,-500614
67,-94118
67,-185174
67,64090
67,-349366
67,-447398
67,306650
67,320346
67,-399558
67,59546
67,-534822
67,-94374
67,-22694
67,-239974
67,-434790
67,-71574
67,247322
67,-448422
67,214810
67,538842
67,204186
67,-115734
67,49546
67,-434694
67,130170
67,106330
67,-461542
67,-346534
67,-121638
67,338074
67,-456070
67,366778
67,-337318
67,423386
67,209386
67,575898
67,-308454
67,-194662
67,115578
67,-77222
67,201706
67,-43158
67,222442
67,-237670
67,73722
67,-392934
67,451034
67,-164774
67,43882
67,-71974
67,-130214
67,-484998
67,-408598
67,-397158
67,164890
67,169818
67,-499462
67,207194
67,305818
67,-418198
67,135034
67,-274630
67,85082
67,132890
67,398874
67,3290
67,-55190
67,117466
67,243706
67,330138
67,-73766
67,522410
67,-3078
67,-413206
67,-111910
67,-240998
67,403130
67,483546
67,207706
67,-167174
67,-309542
67,-151398
67,331002
67,-371366
67,-228326
67,-28230
67,222154
67,-293462
67,-286742
67,-401702
67,33562
67,356794
67,-296246
67,169274
67,-335222
67,-50918
67,2970
67,289594
67,-263590
67,180314
67,-188310
67,584410
67,206298
67,-68998
67,432154
67,59290
67,-277334
67,402586
67,-203110
67,236634
67,104026
67,58522
67,-53798
67,90810
67,45466
67,240858
67,-138790
67,-260006
67,136154
67,24122
67,-79526
67,30170
67,21530
67,217434
67,-452614
67,-385270
67,-71174
67,-294
67,120602
67,-20390
67,-22630
67,551770
67,-332806
67,439226
67,-129958
67,183306
67,104826
67,475274
67,-66438
67,205850
67,-311334
67,285146
67,11642
67,-364390
67,-257830
67,150362
67,-462022
67,547514
67,-85286
67,-87622
67,278554
67,-351590
67,235562
67,-422326
67,-1798
67,-141862
67,111450
67,142586
67,172890
67,-189238
67,100570
67,453082
67,69338
67,239514
67,-344230
67,325610
67,-148678
67,-235270
67,30170
67,163178
67,443690
67,283578
67,-410150
67,-203174
67,260890
67,-267878
67,408602
67,40570
67,218538
67,-184870
67,246074
67,453530
67,268250
67,378874
67,19994
67,-468646
67,-413734
67,490858
67,-275510
67,-510790
67,-14630
67,396186
67,108730
67,-300710
67,268762
67,-7206
67,410362
67,-161190
67,417626
67,-415910
67,-142902
67,-39910
67,520666
67,-434518
67,519130
67,133466
67,56858
67,354650
67,154202
67,-8198
67,-182614
67,-340454
67,365018
67,227114
67,549242
67,-513542
67,-548470
67,-193318
67,11130
67,336090
67,-168806
67,344186
67,111770
67,209338
67,84426
67,-332422
67,-292070
67,-507990
67,-88950
67,46170
67,55178
67,-387366
67,187738
67,-560486
67,-166822
67,350890
67,-234886
67,-390534
67,132538
67,338010
67,450778
67,555354
67,121706
67,280794
67,-218150
67,-40534
67,-17030
67,356698
67,47770
67,-465062
67,211770
67,-510774
67,19402
67,427802
67,320298
67,-193542
67,-37270
67,162458
67,329434
67,195162
67,347290
67,94842
67,-344038
67,286970
67,-11830
67,40586
67,410906
67,-160166
67,-535702
67,-305958
67,-282598
67,250938
67,32826
67,-351622
67,299130
67,422778
67,-172070
67,207578
67,-184742
67,-305750
67,-234470
67,517034
67,86746
67,-565190
67,-471558
67,-328070
67,-471750
67,300826
67,-367542
67,78906
67,-280614
67,453610
67,292170
67,415578
67,196698
67,583514
67,239930
67,-320790
67,211898
67,381690
67,279242
67,383834
67,-99366
67,-47270
67,301274
67,576874
67,213802
67,309562
67,-466822
67,-89670
67,240970
67,-35318
67,-428438
67,-141158
67,231098
67,-62406
67,-7974
67,217946
67,57770
67,200538
67,183866
67,208474
67,-171334
67,-283046
67,-197494
67,331018
67,-356710
67,111594
67,524906
67,88858
67,5050
67,516826
67,-501638
67,-301414
67,-208550
67,34586
67,-550694
67,-147910
67,436138
67,53402
67,248458
67,-321014
67,-97638
67,113690
67,4570
67,512314
67,-131590
67,100250
67,348122
67,242330
67,197706
67,-98854
67,267082
67,-66982
67,-333638
67,406874
67,132042
67,-25638
67,286554
67,-519334
67,104218
67,141786
67,389850
67,-196070
67,8410
67,114330
67,-21926
67,-272934
67,158282
67,-400198
67,-107350
67,501754
67,-134822
67,279674
67,-92518
67,-389878
67,-369478
67,18682
67,192858
67,-96742
67,357274
67,-499718
67,-202630
67,-135302
67,-115750
67,-339046
67,310058
67,519562
67,162042
67,305674
67,186586
67,-492710
67,283866
67,241418
67,-267878
67,562234
67,-409462
67,-370470
67,47002
67,132826
67,-479142
67,-265126
67,14218
67,-41686
67,-225830
67,398570
67,31610
67,-552566
67,-311942
67,117594
67,298906
67,65594
67,-70694
67,191434
67,112314
67,-246374
67,221530
67,-26342
67,80794
67,-297734
67,-286150
67,-582694
67,-359462
67,182922
67,396730
67,253914
67,-337574
67,-20518
67,-425350
67,-24246
67,182202
67,-40054
67,-270886
67,-104870
67,-231974
67,296170
67,71290
67,-243494
67,402778
67,373194
67,302506
67,-53622
67,286810
67,361306
67,507034
67,139610
67,236378
67,202682
67,356922
67,19418
67,-195318
67,-528678
67,343594
67,471098
67,-537254
67,-203110
67,-344102
67,16282
67,13834
67,5994
67,257210
67,393610
67,-248422
67,14426
67,-54326
67,70794
67,217082
67,78554
67,596250
67,-40550
67,-15974
67,440986
67,37338
67,266906
67,415290
67,566298
67,84762
67,-127910
67,211994
67,298922
67,501642
67,-536870
67,-567798
67,-173958
67,78906
67,-411094
67,-201190
67,-440486
67,71898
67,-396406
67,301210
67,-130550
67,-165030
67,-195302
67,365690
67,-63974
67,-371974
67,-358726
67,439706
67,-572374
67,-450502
67,-401014
67,405050
67,-434486
67,-457254
67,-210086
67,287962
67,253754
67,-217510
67,-253798
67,-180470
67,587866
67,-185990
67,-305702
67,-275078
67,544522
67,112202
67,-557238
67,-116998
67,-202150
67,523674
67,53130
67,-404486
67,-55622
67,-270630
67,164314
67,-1462
67,334858
67,355834
67,33082
67,59290
67,334202
67,-246534
67,379226
67,145338
67,384090
67,386794
67,188698
67,-241990
67,-276902
67,-256038
67,43354
67,424410
67,-100646
67,-336998
67,284186
67,-404198
67,-289190
67,155882
67,-430310
67,276394
67,277850
67,-303110
67,420250
67,-303462
67,91866
67,-306054
67,359322
67,478842
67,-171814
67,-208406
67,-244630
67,-558630
67,138970
67,-492582
67,-372902
67,-227750
67,-253526
67,-373894
67,567994
67,145082
67,202714
67,-295526
67,338074
67,79450
67,44778
67,-190886
67,583690
67,-521254
67,3434
67,419786
67,-443110
67,-268198
67,-317990
67,128794
67,-234886
67,-314966
67,123434
67,224346
67,408122
67,-185542
67,-514982
67,100186
67,-182470
67,413050
67,-177574
67,76874
67,-110294
67,331386
67,-232998
67,345850
67,299674
67,-542294
67,560186
67,-402278
67,222314
67,-10166
67,-447270
67,162650
67,-207814
67,28762
67,-26150
67,-70790
67,-221078
67,229210
67,522586
67,-435478
67,341930
67,-176870
67,-216806
67,-107302
67,118426
67,157802
67,-222918
67,360010
67,-434854
67,423642
67,262074
67,-140134
67,293178
67,46650
67,-178678
67,-215110
67,496538
67,312922
67,552346
67,122010
67,-451270
67,318890
67,257722
67,-324582
67,-271318
67,196506
67,102074
67,76378
67,275034
67,-293670
67,-46950
67,437466
67,537930
67,23482
67,-388166
67,-12502
67,-217862
67,-231030
67,135546
67,275674
67,162282
67,-514262
67,-165654
67,-351686
67,-404294
67,304202
67,233850
67,-243366
67,-165190
67,-82150
67,-377286
67,345722
67,221402
67,-474230
67,26266
67,160538
67,335834
67,-147910
67,-318374
67,169738
67,579434
67,-415510
67,470618
67,-197030
67,162426
67,-190582
67,292490
67,-35846
67,259082
67,203610
67,146282
67,293690
67,-312742
67,391898
67,410522
67,105738
67,-6806
67,-372358
67,-380438
67,-129446
67,423450
67,33130
67,389050
67,-105526
67,268650
67,-298390
67,174698
67,-438054
67,-325638
67,-319270
67,-170150
67,472282
67,43642
67,-20198
67,-64294
67,-398054
67,555706
67,86234
67,-461670
67,-229526
67,325018
67,61402
67,553242
67,297178
67,248218
67,327258
67,277466
67,159642
67,-447718
67,7130
67,-141670
67,-44726
67,363226
67,-24102
67,-203702
67,239578
67,167834
67,111642
67,194842
67,-217430
67,429658
67,-16934
67,359834
67,-215030
67,226778
67,-3590
67,340282
67,-158502
67,51082
67,43546
67,379610
67,309882
67,-62662
67,-476326
67,240938
67,533418
67,-561350
67,95802
67,22314
67,-517670
67,332218
67,-180294
67,-17638
67,12442
67,274618
67,-329894
67,-41830
67,152602
67,149338
67,-147494
67,-429862
67,-429142
67,-451110
67,285146
67,-84966
67,352058
67,-278694
67,-295270
67,-31910
67,-433478
67,-193286
67,-441446
67,210714
67,580954
67,384362
67,264586
67,277082
67,-214726
67,-333494
67,-508678
67,-164262
67,-62886
67,233594
67,-67846
67,-15846
67,262874
67,-429350
67,-108678
67,543546
67,351882
67,72602
67,107322
67,78106
67,-387830
67,487866
67,256170
67,404090
67,245882
67,-92998
67,-164726
67,-43766
67,-490630
67,-447846
67,-62758
67,-373990
67,-95206
67,492570
67,11962
67,-500006
67,411482
67,-428326
67,-501446
67,372570
67,-433494
67,316826
67,330938
67,-152678
67,-1126
67,268442
67,-454054
67,1690
67,-163174
67,-584230
67,-210038
67,-28038
67,268826
67,-237382
67,-486790
67,-32950
67,232538
67,400826
67,268122
67,24410
67,-286374
67,63450
67,494218
67,-258342
67,120346
67,-142630
67,41530
67,399466
67,130586
67,-313174
67,512890
67,414810
67,120586
67,41786
67,52954
67,118106
67,179642
67,-313382
67,-441782
67,255994
67,-477350
67,-194294
67,-405814
67,368090
67,376618
67,-29094
67,-282086
67,-70310
67,157194
67,422778
67,105594
67,340682
67,170394
67,375226
67,527866
67,244826
67,-276902
67,-61478
67,90330
67,-287302
67,283898
67,435770
67,20922
67,232122
67,398522
67,-72166
67,538522
67,-584678
67,-76534
67,-200710
67,-545382
67,167306
67,372490
67,-177062
67,-308934
67,24666
67,-300742
67,-511654
67,17930
67,369690
67,316154
67,-93494
67,282474
67,286058
67,-150118
67,-76678
67,118074
67,10106
67,73130
67,-520358
67,192106
67,55290
67,-334118
67,568474
67,275690
67,483674
67,501498
67,-554454
67,211930
67,132186
67,279514
67,4314
67,88906
67,15898
67,-4358
67,-60374
67,97114
67,264890
67,419402
67,-219974
67,564762
67,523274
67,-507750
67,443930
67,302842
67,485402
67,92970
67,-424502
67,251450
67,323290
67,-400550
67,542106
67,536538
67,-81830
67,-196422
67,78970
67,-354166
67,265306
67,-468326
67,536570
67,-487766
67,-395398
67,-349670
67,57450
67,188026
67,-271670
67,466410
67,-452150
67,347386
67,-424694
67,281178
67,-189030
67,-498486
67,317914
67,-47910
67,153626
67,287802
67,72026
67,428442
67,450554
67,13850
67,542234
67,-363126
67,-379814
67,58490
67,480634
67,284122
67,224410
67,111386
67,260698
67,300970
67,557018
67,-279590
67,552794
67,34602
67,-71526
67,-334054
67,310042
67,-587238
67,111322
67,-319430
67,-350294
67,109002
67,-310870
67,-408934
67,378394
67,-313318
67,-190934
67,540122
67,-165446
67,-502534
67,-196326
67,436794
67,162874
67,-561510
67,-126310
67,-381414
67,467162
67,12122
67,333722
67,43354
67,-110054
67,63786
67,-190694
67,-402982
67,-210118
67,-62390
67,-372006
67,-227366
67,-547942
67,-316166
67,-212198
67,-393686
67,51034
67,274106
67,210762
67,469754
67,-280790
67,277498
67,-56486
67,-466726
67,20906
67,315562
67,469370
67,-394374
67,-85462
67,149978
67,-53926
67,-5622
67,-582870
67,513114
67,-426694
67,176938
67,-183430
67,-377798
67,10154
67,-117606
67,-186502
67,402010
67,-137446
67,-178438
67,93946
67,-473382
67,129178
67,-175350
67,391130
67,198842
67,-209606
67,248154
67,-142854
67,302042
67,369242
67,25434
67,-218598
67,-424614
67,569802
67,294122
67,-447398
67,138970
67,-78038
67,92890
67,-29414
67,-207334
67,-174566
67,67418
67,-126118
67,-577190
67,-77542
67,4090
67,265882
67,157786
67,563674
67,340458
67,-243430
67,-108390
67,166346
67,429290
67,463994
67,-411174
67,184666
67,-11798
67,231626
67,308170
67,-309334
67,228410
67,-73174
67,514650
67,-358646
67,284762
67,-431814
67,136186
67,284666
67,-364486
67,325274
67,489722
67,126122
67,-209686
67,534362
67,-344614
67,399258
67,243610
67,5034
67,-33862
67,-494118
67,-54694
67,-47734
67,143866
67,-277542
67,303578
67,52314
67,568954
67,-203430
67,-432326
67,9594
67,-178278
67,-2758
67,-322022
67,-394486
67,-338214
67,19146
67,282714
67,-88646
67,83674
67,-119894
67,-172470
67,421354
67,-101798
67,-332918
67,-275382
67,268378
67,330874
67,410906
67,-36838
67,-41206
67,-189382
67,103226
67,-118118
67,285354
67,344122
67,297370
67,107770
67,259610
67,-504358
67,-34086
67,-93510
67,-305558
67,-423366
67,52826
67,213050
67,68602
67,97466
67,130106
67,-160294
67,243770
67,190170
67,91994
67,-520614
67,-16486
67,45786
67,-162214
67,353274
67,110170
67,-208550
67,296522
67,162138
67,109178
67,155578
67,-453670
67,-181350
67,-68774
67,-29430
67,279994
67,14010
67,-126470
67,-253606
67,263034
67,-138822
67,-513782
67,149482
67,-254742
67,434554
67,-45286
67,-220150
67,399786
67,148202
67,-144806
67,335706
67,404410
67,-516118
67,157322
67,169402
67,-165894
67,268250
67,-262502
67,397498
67,-258502
67,-536646
67,338394
67,-468566
67,286810
67,-30822
67,-242934
67,408442
67,543194
67,-120166
67,-391606
67,-69910
67,369322
67,16330
67,170970
67,-80966
67,-288422
67,-498214
67,-368294
67,33114
67,-25766
67,-279302
67,-106918
67,79066
67,-448358
67,189274
67,-342758
67,339962
67,-151206
67,-26502
67,-129382
67,-469414
67,208538
67,340634
67,-454246
67,484314
67,-22790
67,153434
67,-502374
67,186202
67,-219910
67,-214694
67,403482
67,-220166
67,-208998
67,-63910
67,-519142
67,384218
67,183770
67,-126950
67,74250
67,126426
67,152154
67,513898
67,491178
67,583290
67,-513206
67,142090
67,94058
67,210122
67,161450
67,-45734
67,-139110
67,75658
67,-398086
67,-265574
67,287930
67,512570
67,-407718
67,28762
67,-534278
67,425434
67,38506
67,-78566
67,112106
67,-444230
67,-423190
67,-263606
67,337114
67,551930
67,329066
67,439226
67,337274
67,17370
67,519418
67,370010
67,-142502
67,11226
67,12634
67,-427798
67,-183222
67,-226774
67,479914
67,22586
67,-446150
67,11338
67,138138
67,-420518
67,572634
67,-563110
67,301306
67,557034
67,359130
67,372570
67,131546
67,150538
67,329562
67,74170
67,-441430
67,-145766
67,-31078
67,524122
67,95306
67,312666
67,447002
67,298714
67,89050
67,-315430
67,471386
67,561994
67,390106
67,199802
67,242394
67,-123286
67,145050
67,-452646
67,-363686
67,-8198
67,79370
67,-273574
67,-98374
67,-112678
67,265690
67,541978
67,425626
67,4842
67,471610
67,-491510
67,182874
67,-287206
67,240538
67,93914
67,366218
67,251674
67,430234
67,591466
67,305690
67,111098
67,-423910
67,442074
67,232010
67,-116390
67,543546
67,413834
67,-419254
67,-393638
67,22138
67,330074
67,-363270
67,-230662
67,-183142
67,413786
67,-102454
67,-228998
67,355354
67,-295830
67,504714
67,513226
67,-183334
67,-232886
67,-63510
67,-12646
67,-445734
67,-197414
67,-154742
67,-47622
67,158042
67,317626
67,-132006
67,-355846
67,-69030
67,-129590
67,509338
67,229562
67,330202
67,469690
67,69866
67,217546
67,-149894
67,172106
67,-81254
67,196058
67,-489382
67,97498
67,-36326
67,-92454
67,-25638
67,153514
67,429082
67,-254902
67,-361638
67,-228726
67,127226
67,-132934
67,399706
67,-121126
67,438218
67,-368646
67,51418
67,433626
67,149050
67,88698
67,192986
67,-443430
67,15674
67,-237478
67,-207334
67,-554550
67,-220006
67,417818
67,565722
67,98138
67,584570
67,169306
67,-61750
67,-242726
67,-204934
67,409242
67,442714
67,45386
67,60570
67,46170
67,-66214
67,-114470
67,82650
67,179690
67,224762
67,-273382
67,-545094
67,253210
67,534490
67,-410198
67,101018
67,-274598
67,-104358
67,-462406
67,-132694
67,-19910
67,-408614
67,477898
67,392666
67,205274
67,-164710
67,195274
67,-81830
67,-195430
67,-444070
67,10106
67,-423350
67,61146
67,-224998
67,201274
67,-381830
67,-579190
67,-224006
67,84730
67,-27318
67,-233318
67,-556806
67,119834
67,-259286
67,127386
67,125498
67,-125286
67,296666
67,443050
67,-202726
67,35434
67,-192166
67,217898
67,158474
67,-23638
67,270634
67,-357958
67,-345830
67,415642
67,-352454
67,-342438
67,155162
67,-256678
67,-333030
67,-458918
67,-69366
67,193178
67,68442
67,-494566
67,-151814
67,-526342
67,-155526
67,-422230
67,384842
67,-561958
67,-20582
67,88650
67,-170214
67,72986
67,38058
67,507770
67,529290
67,-403270
67,-277446
67,-87830
67,401946
67,188042
67,-317126
67,-58598
67,-273414
67,390570
67,-169638
67,-333670
67,-317958
67,28442
67,-22534
