phase	pair	order	variant	rateMps	iterations	dropped	logSha256	gpuState
warmup	0	1	control	16108.718	403726925824	0	c252175a95994713b412fa4b4ea4b522ef650eb07a06ce7191be9707593193e0	2400, 501.21, 51
warmup	0	2	candidate	13189.191	403726925824	0	3040cebb551d36768d72dd9aa6674299a75e32aa9ff770c5406da7ca0d8deaf2	2407, 523.63, 57
warmup	0	3	candidate	13144.516	403726925824	0	ad8a1f27d2925e08eacc508b8e368a7b9cfe7bda9311c4ca4057a9f5141f6eb5	2422, 486.85, 58
warmup	0	4	control	15916.489	403726925824	0	873a8025e4a7435e166a8576568fad40d41992b45f2c3fa66fc3034c6c201252	2370, 533.87, 60
aa	1	1	control_a	15905.477	403726925824	0	0475fba39c193bf110b4dcdc7d0bd9dd365f5c2183ade07d128928b728494673	2362, 534.33, 61
aa	1	2	control_b	15905.339	403726925824	0	9ff0034d87ae5d59ae30708083e209260ad391a84957d23ba0fdff47dc0eab36	2370, 551.46, 66
aa	2	1	control_b	15899.490	403726925824	0	7019e4335d843f9738c6309bad545674048f7557bfa5436f8319afc1043e0d87	2362, 545.48, 59
aa	2	2	control_a	15897.149	403726925824	0	ecbd89c74f807a6c9dd0bfc5834ac9cc87ed3f03f8e145d31a7f16307d12d810	2362, 484.17, 58
aa	3	1	control_a	15904.307	403726925824	0	e6be2ef0f3c750dacea3ad5b03c758205fd563c6b327f1453db3e5c91206b956	2370, 554.38, 59
aa	3	2	control_b	15898.407	403726925824	0	f4cca8a414d2025e9803afdf46b7d7c4f35afe1e86dc8fc925e632fad6cd17dc	2362, 563.31, 62
ab	1	1	control	15896.902	403726925824	0	7eed391c5658abb6c8db50b74ce58b9c8511d24c6988025f55ced871f331a151	2362, 514.15, 59
ab	1	2	candidate	13141.240	403726925824	0	293ebcd9e188040ec367de11eb06d73f24054b5950ed20516f281dd8f7a09d06	2407, 513.41, 60
ab	2	1	candidate	13137.160	403726925824	0	bded4289680de6d35d717a67bc9b5e864531e9051c0f24d97929427874322d45	2415, 525.01, 61
ab	2	2	control	15891.242	403726925824	0	558e29e0857cf9b052ca05f65db85dbf7c8d3f19d0d853916dcb591a3b8600b9	2370, 530.02, 59
ab	3	1	control	15892.985	403726925824	0	219295ed999e759700b80923153289c2d1e546ab63f5e52e99d05d7e3322584a	2392, 523.12, 59
ab	3	2	candidate	13143.279	403726925824	0	1ade25a7c1163e5e9a1c41f1a195cc41f6a7b4f83c7a67c39918e2e23acdf3ee	2407, 555.76, 61
ab	4	1	candidate	13144.072	403726925824	0	48479c308766958e181926965e5a9c8c356e7e36e1332c5c23817fcfaf397775	2407, 507.04, 59
ab	4	2	control	15893.066	403726925824	0	3ae43d713a0b5a193abbad12ac01e1508111dead9b8a27b0dd84c11b33a9b0f1	2377, 519.27, 59
ab	5	1	control	15894.130	403726925824	0	c3a617017ca9b482044c8f90c0f1729b0d87956260818ff92f794fd49b5ae54b	2385, 514.11, 60
ab	5	2	candidate	13143.106	403726925824	0	5ed252acaa43fd4d626a239b5f4913fb25fe023c4aefa5081fa729b69d455cb6	2407, 503.80, 60
