phase	pair	order	variant	rateMps	logSha256	gpuState
warmup	0	1	control	15630.496	dfeb41d23f7cdf99d0c9c7dfb5aef2288d964f9dffc64ae62f48c67ad30d8753	2400, 534.88, 57
warmup	0	2	candidate	16876.574	afc5be48dfae7a2490326b00cb77a9f97ec3f5208a0c5bc424195699a477047d	2422, 541.28, 59
warmup	0	3	candidate	16876.906	4d880b994886794dc77e5792b4da6f03d6f85cd676cb39b36239fbea0146249c	2422, 548.74, 61
warmup	0	4	control	15431.987	4b63ceca870050663d675e6ab142a4afae1d5adee89a5c0a234368efdd99de24	2355, 563.43, 70
aa	1	1	control_a	15292.971	2cd16e0bf830ee891c1f9afaf5dfba5a31b8912384514bfd29a3d4caa0b11d37	2385, 536.68, 69
aa	1	2	control_b	15294.252	ba6b1fc5c6ba4d5c14f298c4faf915c8bc74fdd2aa1a3769e207f09f07b084a4	2392, 533.33, 69
aa	2	1	control_b	15301.279	6302cdc766cb026772a5b0af3ace59cb122c65dd251730d09a9c5a1098080774	2347, 563.02, 73
aa	2	2	control_a	15297.328	f1ef9a6299edfa0043d75e30feda451834340f265430f83ed2fa65223bbf4d22	2385, 567.21, 77
aa	3	1	control_a	15305.379	a94bdc1e73beea827cc2090093b7261e82bd7bba38f4a6f0f9a9a0da083e434e	2355, 534.83, 70
aa	3	2	control_b	15297.225	6588bbf661f667eb54cde7fdbc630faf955948428aefa12ff6771bbd15fd3410	2400, 524.80, 68
aa	4	1	control_b	15297.139	7e23893468450a88496c95c0e18db3738ebca2f6c245cedc52e3c699dee037a5	2377, 519.42, 68
aa	4	2	control_a	15300.114	93847cf7e68e684e88304c6a85d7a2e9d704b8b2ec18bb8fe231e5b9a13fa2bd	2392, 524.30, 68
aa	5	1	control_a	15298.819	953c0286917e35d10375eb665f7ed69d550e623b9717e285c105e0ff685e70e9	2355, 542.84, 69
aa	5	2	control_b	15305.867	89b86cbbc0005091222d3b10f456242afd387bd593908e7e2be549245986b1bb	2362, 542.96, 69
ab	1	1	control	15299.614	dcd873b97bc0be93f47657b2f539cb90f62ca72ee1d10b30d413cd87cce0bc89	2362, 545.95, 70
ab	1	2	candidate	16864.468	6c17a04573bd6ba8ef6b92ad8e67c6462d9a90178b97ccfdc4f0f5daa6a917bd	2422, 535.37, 69
ab	2	1	candidate	16872.328	3e1db95092353b9e6c67a2dd731fd04fe7de28679534103d6e542fe4d3c9b1e4	2422, 551.95, 71
ab	2	2	control	15299.693	db3177b573f6d30ce016b87ac6a162e1d9f91e2a6f3aee47462d3832cfefbd76	2362, 539.41, 68
ab	3	1	control	15295.478	976e2b0e0968ca7b1d7d7c05ee65952c1d0e015c94427868eaaf123ff114f58a	2370, 542.86, 69
ab	3	2	candidate	16852.904	2eccb0b138909a2b85cbefee54c0af4584b7bac1b33c29a6e0d9bd7666a88226	2422, 528.41, 68
ab	4	1	candidate	16869.982	51935f04e96940ac2c9add69d3aca4f78ef74d1c9a254842cac7e891aacdc8ce	2415, 531.95, 68
ab	4	2	control	15292.829	d26c1f8880597b2bbae889452f11dcf4549fb703b6de42b276f486d958507f41	2385, 552.40, 70
ab	5	1	control	15301.855	78358d6d977d1842e0abe41134d273801b46dc23e15c5f09cf87e3774f5c3584	2355, 559.52, 70
ab	5	2	candidate	16847.285	4edd1f85192987fc9ee7854a06b0e205c0f0a63b8121328e4c77948e3e9a7180	2415, 575.53, 68
