set	op	side	instr_per_op
512	keygen	a	296094
512	keygen	b	136026
512	keygen	c	142809
512	encaps	a	323580
512	encaps	b	132343
512	encaps	c	54738
512	decaps	a	409835
512	decaps	b	155297
512	decaps	c	113570
768	keygen	a	480454
768	keygen	b	216577
768	keygen	c	223596
768	encaps	a	527337
768	encaps	b	204964
768	encaps	c	56993
768	decaps	a	644420
768	decaps	b	236201
768	decaps	c	141976
1024	keygen	a	749101
1024	keygen	b	281664
1024	keygen	c	288756
1024	encaps	a	803207
1024	encaps	b	276782
1024	encaps	c	74342
1024	decaps	a	955082
1024	decaps	b	319082
1024	decaps	c	188257
