curve	row	round	base_cold_ns	shift_cold_ns	base_over_shift	base_contended	shift_contended	base_minor_faults	shift_minor_faults	base_scalar	shift_scalar
icv1-f2m53-tm56619371-dac20a85	M1-T01	r1	736891766	769561312	0.957548	false	false	83595	75009	518509155375	518509155375
icv1-f2m53-tm56619371-dac20a85	M1-T01	r2	691714743	700534478	0.987410	true	false	83596	75507	518509155375	518509155375
icv1-f2m53-tm56619371-dac20a85	M1-T01	r3	690242459	625948682	1.102710	false	false	75792	75002	518509155375	518509155375
icv1-f2m53-tm56619371-dac20a85	M1-T01	r4	694404702	716111529	0.969688	false	true	83578	74995	518509155375	518509155375
icv1-f2m53-tm56619371-dac20a85	M1-T02	r1	744893596	727701002	1.023630	false	false	83592	74955	14868793722243	14868793722243
icv1-f2m53-tm56619371-dac20a85	M1-T02	r2	732014540	808129771	0.905813	false	false	83573	75495	14868793722243	14868793722243
icv1-f2m53-tm56619371-dac20a85	M1-T02	r3	690179476	676849052	1.019690	false	false	75789	74951	14868793722243	14868793722243
icv1-f2m53-tm56619371-dac20a85	M1-T02	r4	716404759	735332473	0.974260	false	false	83590	74992	14868793722243	14868793722243
icv1-f2m61-t158598901-ab42b6c5	M1-T01	r1	2780297950	2969962962	0.936139	false	false	133424	133603	153752017445515	153752017445515
icv1-f2m61-t158598901-ab42b6c5	M1-T01	r2	2938152178	2912965217	1.008650	false	false	126989	133495	153752017445515	153752017445515
icv1-f2m61-t158598901-ab42b6c5	M1-T01	r3	2688623942	3164215772	0.849697	false	false	127167	133495	153752017445515	153752017445515
icv1-f2m61-t158598901-ab42b6c5	M1-T01	r4	3097695756	3146532658	0.984479	false	false	127165	133492	153752017445515	153752017445515
icv1-f2m61-t158598901-ab42b6c5	M1-T02	r1	2758038659	2799127899	0.985321	false	false	126988	133635	106251430450189	106251430450189
icv1-f2m61-t158598901-ab42b6c5	M1-T02	r2	2734885889	2909442407	0.940003	false	false	127069	132452	106251430450189	106251430450189
icv1-f2m61-t158598901-ab42b6c5	M1-T02	r3	2715239372	2805346087	0.967880	false	false	127167	133651	106251430450189	106251430450189
icv1-f2m61-t158598901-ab42b6c5	M1-T02	r4	2699167725	2903179515	0.929728	false	false	126984	133493	106251430450189	106251430450189
icv1-f2m59-tm943548413-98844ecc	M1-T01	r1	732390571	747128205	0.980274	false	false	87929	87700	22924121815368	22924121815368
icv1-f2m59-tm943548413-98844ecc	M1-T01	r2	863812413	816865318	1.057470	false	false	87917	87831	22924121815368	22924121815368
icv1-f2m59-tm943548413-98844ecc	M1-T01	r3	727956614	939461714	0.774866	false	true	88030	87701	22924121815368	22924121815368
icv1-f2m59-tm943548413-98844ecc	M1-T01	r4	739323985	769535714	0.960740	true	false	87926	87707	22924121815368	22924121815368
icv1-f2m59-tm943548413-98844ecc	M1-T02	r1	739454306	747175442	0.989666	false	false	87932	87704	13711702643079	13711702643079
icv1-f2m59-tm943548413-98844ecc	M1-T02	r2	728248705	728682729	0.999404	false	false	87924	87711	13711702643079	13711702643079
icv1-f2m59-tm943548413-98844ecc	M1-T02	r3	702592664	708270580	0.991983	false	false	87925	87709	13711702643079	13711702643079
icv1-f2m59-tm943548413-98844ecc	M1-T02	r4	773114095	695689359	1.111290	false	false	87929	87713	13711702643079	13711702643079
