p,trace,cubic,quadratic,combined
17,-9822,1,0,1
17,-9818,0,0,0
17,-9814,0,0,0
17,-9810,0,1,1
17,-9806,0,0,0
17,-9802,0,0,0
17,-9798,0,0,0
17,-9794,0,0,0
17,-9790,1,0,1
17,-9786,0,1,1
17,-9782,0,0,0
17,-9778,0,0,0
17,-9774,1,1,1
17,-9770,0,0,0
17,-9766,0,0,0
17,-9762,1,0,1
17,-9754,0,1,1
17,-9750,0,1,1
17,-9746,1,1,1
17,-9742,0,0,0
17,-9738,0,0,0
17,-9734,0,0,0
17,-9730,1,0,1
17,-9726,1,0,1
17,-9722,0,0,0
17,-9718,0,1,1
17,-9714,0,0,0
17,-9710,0,1,1
17,-9706,0,1,1
17,-9702,0,0,0
17,-9698,1,0,1
17,-9694,1,0,1
17,-9686,0,1,1
17,-9682,1,1,1
17,-9678,1,0,1
17,-9674,0,1,1
17,-9670,0,1,1
17,-9666,0,0,0
17,-9662,1,0,1
17,-9658,0,1,1
17,-9654,0,0,0
17,-9650,1,1,1
17,-9646,1,1,1
17,-9642,0,0,0
17,-9638,0,1,1
17,-9634,1,0,1
17,-9630,1,0,1
17,-9626,0,0,0
17,-9618,0,0,0
17,-9614,1,1,1
17,-9610,0,1,1
17,-9606,0,1,1
17,-9602,1,1,1
17,-9598,1,1,1
17,-9594,0,1,1
17,-9590,0,0,0
17,-9586,1,1,1
17,-9582,1,0,1
17,-9578,0,0,0
17,-9574,0,0,0
17,-9570,1,1,1
17,-9566,1,1,1
17,-9562,0,1,1
17,-9558,0,0,0
17,-9550,1,1,1
17,-9546,0,1,1
17,-9542,0,1,1
17,-9538,1,1,1
17,-9534,0,1,1
17,-9530,0,1,1
17,-9526,0,0,0
17,-9522,1,1,1
17,-9518,0,1,1
17,-9514,0,1,1
17,-9510,0,1,1
17,-9506,1,1,1
17,-9502,1,1,1
17,-9498,0,0,0
17,-9494,0,0,0
17,-9490,1,1,1
17,-9482,0,1,1
17,-9478,0,0,0
17,-9474,1,0,1
17,-9470,1,1,1
17,-9466,0,1,1
17,-9462,0,0,0
17,-9458,1,1,1
17,-9454,1,1,1
17,-9450,0,0,0
17,-9446,0,1,1
17,-9442,1,1,1
17,-9438,1,1,1
17,-9434,0,1,1
17,-9430,0,1,1
17,-9426,1,1,1
17,-9422,0,0,0
17,-9414,0,1,1
17,-9410,1,1,1
17,-9406,1,0,1
17,-9402,0,1,1
17,-9398,0,1,1
17,-9394,1,1,1
17,-9390,0,1,1
17,-9386,0,1,1
17,-9382,0,1,1
17,-9378,1,1,1
17,-9374,1,1,1
17,-9370,0,1,1
17,-9366,0,0,0
17,-9362,0,1,1
17,-9358,1,0,1
17,-9354,0,0,0
17,-9346,1,1,1
17,-9342,1,0,1
17,-9338,0,1,1
17,-9334,0,1,1
17,-9330,1,1,1
17,-9326,1,1,1
17,-9322,0,1,1
17,-9318,0,1,1
17,-9314,1,0,1
17,-9310,1,0,1
17,-9306,0,0,0
17,-9302,0,1,1
17,-9298,1,1,1
17,-9294,0,1,1
17,-9290,0,1,1
17,-9286,0,0,0
17,-9278,1,1,1
17,-9274,0,1,1
17,-9270,0,1,1
17,-9266,1,0,1
17,-9262,1,0,1
17,-9258,0,0,0
17,-9254,0,1,1
17,-9250,1,1,1
17,-9246,1,0,1
17,-9242,0,0,0
17,-9238,0,0,0
17,-9234,1,0,1
17,-9230,1,1,1
17,-9226,0,1,1
17,-9222,0,1,1
17,-9218,1,1,1
17,-9210,0,1,1
17,-9206,0,1,1
17,-9202,1,0,1
17,-9198,1,1,1
17,-9194,0,1,1
17,-9190,0,1,1
17,-9186,1,1,1
17,-9182,1,1,1
17,-9178,0,1,1
17,-9174,0,1,1
17,-9170,1,1,1
17,-9166,0,1,1
17,-9162,0,1,1
17,-9158,0,0,0
17,-9154,1,0,1
17,-9150,1,1,1
17,-9142,0,1,1
17,-9138,1,0,1
17,-9134,1,0,1
17,-9130,0,0,0
17,-9126,0,0,0
17,-9122,1,1,1
17,-9118,1,0,1
17,-9114,0,1,1
17,-9110,0,1,1
17,-9106,1,1,1
17,-9102,1,0,1
17,-9098,0,1,1
17,-9094,0,0,0
17,-9090,1,0,1
17,-9086,1,1,1
17,-9082,0,1,1
17,-9074,1,1,1
17,-9070,1,1,1
17,-9066,0,0,0
17,-9062,0,1,1
17,-9058,1,1,1
17,-9054,1,1,1
17,-9050,0,1,1
17,-9046,0,1,1
17,-9042,1,0,1
17,-9038,1,1,1
17,-9034,0,1,1
17,-9030,0,1,1
17,-9026,1,1,1
17,-9022,1,0,1
17,-9018,0,1,1
17,-9014,0,1,1
17,-9006,0,0,0
17,-9002,0,1,1
17,-8998,0,1,1
17,-8994,1,0,1
17,-8990,1,1,1
17,-8986,0,1,1
17,-8982,0,0,0
17,-8978,1,1,1
17,-8974,1,1,1
17,-8970,0,1,1
17,-8966,0,1,1
17,-8962,1,1,1
17,-8958,1,0,1
17,-8954,0,1,1
17,-8950,0,1,1
17,-8946,1,0,1
17,-8938,0,1,1
17,-8934,0,1,1
17,-8930,1,1,1
17,-8926,1,1,1
17,-8922,0,1,1
17,-8918,0,1,1
17,-8914,1,1,1
17,-8910,1,0,1
17,-8906,0,1,1
17,-8902,0,0,0
17,-8898,1,1,1
17,-8894,1,1,1
17,-8890,0,0,0
17,-8886,0,1,1
17,-8882,1,1,1
17,-8878,1,1,1
17,-8870,0,1,1
17,-8866,1,1,1
17,-8862,1,0,1
17,-8858,0,1,1
17,-8854,0,1,1
17,-8850,1,1,1
17,-8846,1,0,1
17,-8842,0,1,1
17,-8838,0,1,1
17,-8834,1,1,1
17,-8830,1,1,1
17,-8826,0,0,0
17,-8822,0,1,1
17,-8818,1,1,1
17,-8814,1,1,1
17,-8810,0,1,1
17,-8802,1,0,1
17,-8798,1,1,1
17,-8794,0,1,1
17,-8790,0,1,1
17,-8786,1,1,1
17,-8782,1,1,1
17,-8778,0,0,0
17,-8774,0,0,0
17,-8770,1,1,1
17,-8766,1,1,1
17,-8762,0,1,1
17,-8758,0,1,1
17,-8754,0,1,1
17,-8750,1,1,1
17,-8746,0,1,1
17,-8742,0,1,1
17,-8734,1,0,1
17,-8730,0,1,1
17,-8726,0,1,1
17,-8722,1,1,1
17,-8718,0,1,1
17,-8714,0,1,1
17,-8710,0,1,1
17,-8706,1,1,1
17,-8702,1,0,1
17,-8698,0,1,1
17,-8694,0,1,1
17,-8690,1,1,1
17,-8686,1,1,1
17,-8682,0,1,1
17,-8678,0,1,1
17,-8674,1,1,1
17,-8666,0,1,1
17,-8662,0,1,1
17,-8658,1,1,1
17,-8654,1,1,1
17,-8650,0,1,1
17,-8646,0,1,1
17,-8642,1,1,1
17,-8638,1,1,1
17,-8634,0,1,1
17,-8630,0,1,1
17,-8626,1,1,1
17,-8622,0,0,0
17,-8618,0,1,1
17,-8614,0,0,0
17,-8610,1,1,1
17,-8606,1,1,1
17,-8598,0,1,1
17,-8594,0,1,1
17,-8590,1,1,1
17,-8586,0,1,1
17,-8582,0,1,1
17,-8578,0,1,1
17,-8574,1,0,1
17,-8570,0,1,1
17,-8566,0,1,1
17,-8562,0,1,1
17,-8558,0,1,1
17,-8554,0,1,1
17,-8550,0,1,1
17,-8546,1,1,1
17,-8542,1,1,1
17,-8538,0,1,1
17,-8530,1,1,1
17,-8526,0,1,1
17,-8522,0,0,0
17,-8518,0,1,1
17,-8514,1,0,1
17,-8510,1,1,1
17,-8506,0,1,1
17,-8502,0,0,0
17,-8498,1,1,1
17,-8494,1,1,1
17,-8490,0,0,0
17,-8486,0,1,1
17,-8482,1,1,1
17,-8478,1,1,1
17,-8474,0,1,1
17,-8470,0,0,0
17,-8462,1,1,1
17,-8458,0,0,0
17,-8454,0,1,1
17,-8450,1,1,1
17,-8446,1,1,1
17,-8442,0,1,1
17,-8438,0,1,1
17,-8434,0,0,0
17,-8430,1,1,1
17,-8426,0,1,1
17,-8422,0,1,1
17,-8418,1,1,1
17,-8414,1,1,1
17,-8410,0,1,1
17,-8406,0,1,1
17,-8402,1,0,1
17,-8394,0,1,1
17,-8390,0,1,1
17,-8386,1,1,1
17,-8382,1,1,1
17,-8378,0,0,0
17,-8374,0,1,1
17,-8370,0,1,1
17,-8366,1,0,1
17,-8362,0,1,1
17,-8358,0,0,0
17,-8354,1,1,1
17,-8350,1,1,1
17,-8346,0,1,1
17,-8342,0,1,1
17,-8338,1,0,1
17,-8334,1,1,1
17,-8326,0,1,1
17,-8322,1,1,1
17,-8318,1,1,1
17,-8314,0,1,1
17,-8310,0,1,1
17,-8306,1,1,1
17,-8302,0,1,1
17,-8298,0,0,0
17,-8294,0,1,1
17,-8290,1,0,1
17,-8286,1,0,1
17,-8282,0,1,1
17,-8278,0,1,1
17,-8274,1,1,1
17,-8270,1,1,1
17,-8266,0,1,1
17,-8258,1,1,1
17,-8254,1,1,1
17,-8250,0,1,1
17,-8246,0,1,1
17,-8242,1,1,1
17,-8238,1,1,1
17,-8234,0,0,0
17,-8230,0,0,0
17,-8226,1,1,1
17,-8222,1,0,1
17,-8218,0,1,1
17,-8214,0,1,1
17,-8210,1,1,1
17,-8206,1,1,1
17,-8202,0,1,1
17,-8198,0,0,0
17,-8190,1,1,1
17,-8186,0,1,1
17,-8182,0,1,1
17,-8178,1,1,1
17,-8174,1,1,1
17,-8170,0,1,1
17,-8166,0,0,0
17,-8162,1,1,1
17,-8158,1,1,1
17,-8154,0,1,1
17,-8150,0,1,1
17,-8146,1,1,1
17,-8142,1,0,1
17,-8138,0,1,1
17,-8134,0,1,1
17,-8130,1,1,1
17,-8122,0,1,1
17,-8118,0,1,1
17,-8114,1,1,1
17,-8110,1,0,1
17,-8106,0,1,1
17,-8102,0,1,1
17,-8098,1,1,1
17,-8094,1,1,1
17,-8090,0,1,1
17,-8086,0,1,1
17,-8082,1,1,1
17,-8078,1,1,1
17,-8074,0,1,1
17,-8070,0,1,1
17,-8066,1,1,1
17,-8062,1,1,1
17,-8054,0,1,1
17,-8050,1,0,1
17,-8046,1,1,1
17,-8042,0,1,1
17,-8038,0,1,1
17,-8034,1,1,1
17,-8030,1,1,1
17,-8026,0,1,1
17,-8022,0,1,1
17,-8018,1,1,1
17,-8014,1,1,1
17,-8010,0,0,0
17,-8006,0,1,1
17,-8002,1,1,1
17,-7998,1,1,1
17,-7994,0,1,1
17,-7986,1,0,1
17,-7982,1,1,1
17,-7978,0,1,1
17,-7974,0,0,0
17,-7970,1,1,1
17,-7966,1,1,1
17,-7962,0,0,0
17,-7958,0,1,1
17,-7954,1,1,1
17,-7950,1,1,1
17,-7946,0,0,0
17,-7942,0,0,0
17,-7938,1,0,1
17,-7934,1,1,1
17,-7930,0,1,1
17,-7926,0,1,1
17,-7918,1,1,1
17,-7914,0,0,0
17,-7910,0,1,1
17,-7906,1,1,1
17,-7902,1,1,1
17,-7898,0,1,1
17,-7894,0,0,0
17,-7890,1,1,1
17,-7886,1,0,1
17,-7882,0,0,0
17,-7878,0,1,1
17,-7874,1,1,1
17,-7870,1,0,1
17,-7866,0,1,1
17,-7862,0,1,1
17,-7858,1,1,1
17,-7850,0,1,1
17,-7846,0,1,1
17,-7842,1,1,1
17,-7838,1,1,1
17,-7834,0,1,1
17,-7830,0,1,1
17,-7826,1,1,1
17,-7822,0,1,1
17,-7818,0,1,1
17,-7814,0,1,1
17,-7810,1,1,1
17,-7806,1,1,1
17,-7802,0,1,1
17,-7798,0,1,1
17,-7794,1,1,1
17,-7790,1,1,1
17,-7782,0,1,1
17,-7778,1,1,1
17,-7774,1,1,1
17,-7770,0,1,1
17,-7766,0,1,1
17,-7762,0,1,1
17,-7758,1,0,1
17,-7754,0,1,1
17,-7750,0,1,1
17,-7746,1,1,1
17,-7742,1,1,1
17,-7738,0,1,1
17,-7734,0,1,1
17,-7730,1,1,1
17,-7726,1,1,1
17,-7722,0,1,1
17,-7714,1,1,1
17,-7710,1,1,1
17,-7706,0,1,1
17,-7702,0,1,1
17,-7698,1,0,1
17,-7694,1,0,1
17,-7690,0,1,1
17,-7686,0,0,0
17,-7682,1,0,1
17,-7678,1,1,1
17,-7674,0,1,1
17,-7670,0,1,1
17,-7666,1,1,1
17,-7662,1,0,1
17,-7658,0,0,0
17,-7654,0,1,1
17,-7646,1,1,1
17,-7642,0,1,1
17,-7638,0,1,1
17,-7634,1,1,1
17,-7630,1,1,1
17,-7626,0,1,1
17,-7622,0,1,1
17,-7618,1,1,1
17,-7614,1,1,1
17,-7610,0,1,1
17,-7606,0,1,1
17,-7602,0,0,0
17,-7598,1,1,1
17,-7594,0,1,1
17,-7590,0,1,1
17,-7586,1,1,1
17,-7578,0,0,0
17,-7574,0,1,1
17,-7570,1,1,1
17,-7566,1,1,1
17,-7562,0,1,1
17,-7558,0,1,1
17,-7554,1,1,1
17,-7550,1,1,1
17,-7546,0,1,1
17,-7542,0,0,0
17,-7538,1,1,1
17,-7534,1,1,1
17,-7530,0,1,1
17,-7526,0,1,1
17,-7522,1,1,1
17,-7518,1,0,1
17,-7510,0,1,1
17,-7506,0,1,1
17,-7502,1,1,1
17,-7498,0,1,1
17,-7494,0,1,1
17,-7490,1,1,1
17,-7486,1,1,1
17,-7482,0,1,1
17,-7478,0,1,1
17,-7474,1,1,1
17,-7470,1,1,1
17,-7466,0,1,1
17,-7462,0,1,1
17,-7458,1,1,1
17,-7454,1,1,1
17,-7450,0,1,1
17,-7442,1,1,1
17,-7438,1,1,1
17,-7434,0,1,1
17,-7430,0,1,1
17,-7426,1,1,1
17,-7422,1,1,1
17,-7418,0,1,1
17,-7414,0,1,1
17,-7410,1,1,1
17,-7406,1,1,1
17,-7402,0,1,1
17,-7398,0,1,1
17,-7394,1,1,1
17,-7390,1,1,1
17,-7386,0,0,0
17,-7382,0,1,1
17,-7374,1,1,1
17,-7370,0,1,1
17,-7366,0,1,1
17,-7362,1,1,1
17,-7358,1,1,1
17,-7354,0,1,1
17,-7350,0,1,1
17,-7346,1,1,1
17,-7342,1,1,1
17,-7338,0,1,1
17,-7334,0,0,0
17,-7330,1,1,1
17,-7326,1,0,1
17,-7322,0,1,1
17,-7318,0,1,1
17,-7314,1,1,1
17,-7306,0,1,1
17,-7302,0,0,0
17,-7298,1,1,1
17,-7294,1,1,1
17,-7290,0,1,1
17,-7286,0,1,1
17,-7282,1,1,1
17,-7278,1,1,1
17,-7274,0,1,1
17,-7270,0,1,1
17,-7266,1,1,1
17,-7262,1,1,1
17,-7258,0,1,1
17,-7254,0,1,1
17,-7250,1,0,1
17,-7246,1,1,1
17,-7238,0,1,1
17,-7234,1,1,1
17,-7230,1,0,1
17,-7226,0,1,1
17,-7222,0,1,1
17,-7218,0,1,1
17,-7214,1,1,1
17,-7210,0,1,1
17,-7206,0,1,1
17,-7202,1,1,1
17,-7198,1,1,1
17,-7194,0,0,0
17,-7190,0,0,0
17,-7186,1,1,1
17,-7182,1,1,1
17,-7178,0,1,1
17,-7170,1,1,1
17,-7166,1,1,1
17,-7162,0,1,1
17,-7158,0,1,1
17,-7154,1,1,1
17,-7150,1,1,1
17,-7146,0,1,1
17,-7142,0,1,1
17,-7138,1,1,1
17,-7134,1,1,1
17,-7130,0,1,1
17,-7126,0,1,1
17,-7122,1,1,1
17,-7118,1,1,1
17,-7114,0,1,1
17,-7110,0,1,1
17,-7102,0,1,1
17,-7098,0,0,0
17,-7094,0,1,1
17,-7090,1,1,1
17,-7086,1,1,1
17,-7082,0,0,0
17,-7078,0,1,1
17,-7074,1,1,1
17,-7070,1,1,1
17,-7066,0,1,1
17,-7062,0,1,1
17,-7058,1,1,1
17,-7054,1,1,1
17,-7050,0,1,1
17,-7046,0,1,1
17,-7042,1,1,1
17,-7034,0,1,1
17,-7030,0,1,1
17,-7026,1,1,1
17,-7022,1,1,1
17,-7018,0,1,1
17,-7014,0,1,1
17,-7010,1,1,1
17,-7006,1,1,1
17,-7002,0,1,1
17,-6998,0,1,1
17,-6994,1,1,1
17,-6990,1,1,1
17,-6986,0,1,1
17,-6982,0,1,1
17,-6978,1,1,1
17,-6974,1,1,1
17,-6966,0,1,1
17,-6962,1,1,1
17,-6958,1,0,1
17,-6954,0,0,0
17,-6950,0,1,1
17,-6946,1,1,1
17,-6942,1,1,1
17,-6938,0,1,1
17,-6934,0,1,1
17,-6930,0,1,1
17,-6926,1,1,1
17,-6922,0,1,1
17,-6918,0,0,0
17,-6914,1,1,1
17,-6910,1,1,1
17,-6906,0,1,1
17,-6898,1,1,1
17,-6894,1,1,1
17,-6890,0,1,1
17,-6886,0,1,1
17,-6882,1,1,1
17,-6878,1,1,1
17,-6874,0,1,1
17,-6870,0,1,1
17,-6866,1,0,1
17,-6862,1,1,1
17,-6858,0,1,1
17,-6854,0,1,1
17,-6850,1,1,1
17,-6846,1,1,1
17,-6842,0,1,1
17,-6838,0,1,1
17,-6830,1,1,1
17,-6826,0,1,1
17,-6822,0,1,1
17,-6818,1,1,1
17,-6814,1,1,1
17,-6810,0,1,1
17,-6806,0,1,1
17,-6802,0,1,1
17,-6798,1,1,1
17,-6794,0,1,1
17,-6790,0,1,1
17,-6786,1,1,1
17,-6782,1,1,1
17,-6778,0,1,1
17,-6774,0,1,1
17,-6770,1,1,1
17,-6762,0,0,0
17,-6758,0,0,0
17,-6754,1,1,1
17,-6750,1,1,1
17,-6746,0,1,1
17,-6742,0,1,1
17,-6738,1,1,1
17,-6734,1,1,1
17,-6730,0,1,1
17,-6726,0,0,0
17,-6722,1,1,1
17,-6718,1,1,1
17,-6714,0,1,1
17,-6710,0,1,1
17,-6706,1,1,1
17,-6702,1,1,1
17,-6694,0,1,1
17,-6690,1,1,1
17,-6686,1,1,1
17,-6682,0,1,1
17,-6678,0,1,1
17,-6674,1,1,1
17,-6670,1,1,1
17,-6666,0,1,1
17,-6662,0,1,1
17,-6658,1,1,1
17,-6654,1,1,1
17,-6650,0,1,1
17,-6646,0,1,1
17,-6642,1,1,1
17,-6638,1,0,1
17,-6634,0,1,1
17,-6626,1,1,1
17,-6622,1,1,1
17,-6618,0,1,1
17,-6614,0,1,1
17,-6610,0,1,1
17,-6606,1,1,1
17,-6602,0,1,1
17,-6598,0,1,1
17,-6594,1,1,1
17,-6590,1,1,1
17,-6586,0,1,1
17,-6582,0,1,1
17,-6578,0,1,1
17,-6574,1,1,1
17,-6570,0,1,1
17,-6566,0,1,1
17,-6558,1,1,1
17,-6554,0,1,1
17,-6550,0,1,1
17,-6546,0,1,1
17,-6542,1,1,1
17,-6538,0,0,0
17,-6534,0,1,1
17,-6530,1,1,1
17,-6526,1,1,1
17,-6522,0,1,1
17,-6518,0,1,1
17,-6514,1,1,1
17,-6510,1,1,1
17,-6506,0,1,1
17,-6502,0,1,1
17,-6498,1,1,1
17,-6490,0,1,1
17,-6486,0,1,1
17,-6482,1,1,1
17,-6478,1,1,1
17,-6474,0,1,1
17,-6470,0,1,1
17,-6466,1,1,1
17,-6462,1,1,1
17,-6458,0,1,1
17,-6454,0,1,1
17,-6450,1,1,1
17,-6446,1,1,1
17,-6442,0,1,1
17,-6438,0,1,1
17,-6434,1,1,1
17,-6430,1,1,1
17,-6422,0,1,1
17,-6418,1,1,1
17,-6414,1,1,1
17,-6410,0,1,1
17,-6406,0,1,1
17,-6402,1,0,1
17,-6398,1,1,1
17,-6394,0,1,1
17,-6390,0,1,1
17,-6386,1,1,1
17,-6382,1,0,1
17,-6378,0,1,1
17,-6374,0,1,1
17,-6370,1,1,1
17,-6366,1,1,1
17,-6362,0,1,1
17,-6354,1,0,1
17,-6350,1,1,1
17,-6346,0,1,1
17,-6342,0,1,1
17,-6338,1,1,1
17,-6334,1,1,1
17,-6330,0,1,1
17,-6326,0,1,1
17,-6322,1,1,1
17,-6318,1,1,1
17,-6314,0,1,1
17,-6310,0,1,1
17,-6306,1,1,1
17,-6302,1,1,1
17,-6298,0,1,1
17,-6294,0,1,1
17,-6286,1,1,1
17,-6282,0,1,1
17,-6278,0,1,1
17,-6274,1,1,1
17,-6270,1,1,1
17,-6266,0,1,1
17,-6262,0,1,1
17,-6258,1,1,1
17,-6254,1,1,1
17,-6250,0,1,1
17,-6246,0,1,1
17,-6242,1,1,1
17,-6238,1,1,1
17,-6234,0,1,1
17,-6230,0,1,1
17,-6226,1,1,1
17,-6218,0,1,1
17,-6214,0,1,1
17,-6210,1,1,1
17,-6206,1,1,1
17,-6202,0,1,1
17,-6198,0,1,1
17,-6194,1,1,1
17,-6190,1,1,1
17,-6186,0,1,1
17,-6182,0,1,1
17,-6178,1,1,1
17,-6174,1,1,1
17,-6170,0,1,1
17,-6166,0,1,1
17,-6162,1,1,1
17,-6158,1,1,1
17,-6150,0,1,1
17,-6146,1,1,1
17,-6142,1,1,1
17,-6138,0,1,1
17,-6134,0,1,1
17,-6130,1,1,1
17,-6126,1,1,1
17,-6122,0,1,1
17,-6118,0,1,1
17,-6114,1,1,1
17,-6110,1,1,1
17,-6106,0,1,1
17,-6102,0,1,1
17,-6098,1,1,1
17,-6094,1,1,1
17,-6090,0,1,1
17,-6082,1,1,1
17,-6078,1,0,1
17,-6074,0,1,1
17,-6070,0,1,1
17,-6066,0,1,1
17,-6062,1,1,1
17,-6058,0,0,0
17,-6054,0,1,1
17,-6050,1,1,1
17,-6046,1,1,1
17,-6042,0,1,1
17,-6038,0,1,1
17,-6034,1,1,1
17,-6030,1,1,1
17,-6026,0,1,1
17,-6022,0,1,1
17,-6014,1,1,1
17,-6010,0,1,1
17,-6006,0,1,1
17,-6002,1,1,1
17,-5998,1,1,1
17,-5994,0,1,1
17,-5990,0,1,1
17,-5986,1,1,1
17,-5982,1,0,1
17,-5978,0,1,1
17,-5974,0,1,1
17,-5970,1,1,1
17,-5966,1,1,1
17,-5962,0,1,1
17,-5958,0,1,1
17,-5954,1,1,1
17,-5946,0,1,1
17,-5942,0,1,1
17,-5938,1,1,1
17,-5934,1,1,1
17,-5930,0,1,1
17,-5926,0,1,1
17,-5922,1,1,1
17,-5918,1,1,1
17,-5914,0,1,1
17,-5910,0,1,1
17,-5906,1,1,1
17,-5902,1,1,1
17,-5898,0,1,1
17,-5894,0,1,1
17,-5890,1,1,1
17,-5886,1,1,1
17,-5878,0,1,1
17,-5874,1,1,1
17,-5870,1,1,1
17,-5866,0,1,1
17,-5862,0,1,1
17,-5858,1,1,1
17,-5854,1,1,1
17,-5850,0,1,1
17,-5846,0,1,1
17,-5842,1,1,1
17,-5838,1,0,1
17,-5834,0,1,1
17,-5830,0,1,1
17,-5826,1,1,1
17,-5822,1,0,1
17,-5818,0,1,1
17,-5810,1,1,1
17,-5806,1,1,1
17,-5802,0,1,1
17,-5798,0,0,0
17,-5794,1,1,1
17,-5790,1,1,1
17,-5786,0,1,1
17,-5782,0,1,1
17,-5778,1,1,1
17,-5774,1,1,1
17,-5770,0,1,1
17,-5766,0,1,1
17,-5762,1,1,1
17,-5758,1,1,1
17,-5754,0,0,0
17,-5750,0,1,1
17,-5742,1,1,1
17,-5738,0,1,1
17,-5734,0,1,1
17,-5730,1,1,1
17,-5726,1,1,1
17,-5722,0,1,1
17,-5718,0,1,1
17,-5714,1,1,1
17,-5710,1,1,1
17,-5706,0,1,1
17,-5702,0,1,1
17,-5698,1,1,1
17,-5694,1,1,1
17,-5690,0,1,1
17,-5686,0,1,1
17,-5682,1,1,1
17,-5674,0,1,1
17,-5670,0,1,1
17,-5666,1,1,1
17,-5662,1,1,1
17,-5658,0,0,0
17,-5654,0,1,1
17,-5650,1,1,1
17,-5646,1,1,1
17,-5642,0,1,1
17,-5638,0,1,1
17,-5634,1,0,1
17,-5630,1,1,1
17,-5626,0,1,1
17,-5622,0,1,1
17,-5618,1,1,1
17,-5614,1,1,1
17,-5606,0,1,1
17,-5602,1,1,1
17,-5598,1,1,1
17,-5594,0,1,1
17,-5590,0,1,1
17,-5586,1,0,1
17,-5582,1,1,1
17,-5578,0,1,1
17,-5574,0,1,1
17,-5570,1,1,1
17,-5566,1,1,1
17,-5562,0,1,1
17,-5558,0,1,1
17,-5554,1,0,1
17,-5550,1,1,1
17,-5546,0,1,1
17,-5538,1,1,1
17,-5534,1,1,1
17,-5530,0,1,1
17,-5526,0,1,1
17,-5522,1,1,1
17,-5518,1,1,1
17,-5514,0,1,1
17,-5510,0,1,1
17,-5506,1,1,1
17,-5502,1,1,1
17,-5498,0,1,1
17,-5494,0,1,1
17,-5490,1,1,1
17,-5486,1,1,1
17,-5482,0,1,1
17,-5478,0,1,1
17,-5470,1,1,1
17,-5466,0,1,1
17,-5462,0,1,1
17,-5458,1,1,1
17,-5454,1,1,1
17,-5450,0,1,1
17,-5446,0,1,1
17,-5442,1,1,1
17,-5438,1,1,1
17,-5434,0,1,1
17,-5430,0,0,0
17,-5426,1,1,1
17,-5422,1,1,1
17,-5418,0,0,0
17,-5414,0,1,1
17,-5410,1,1,1
17,-5402,0,1,1
17,-5398,0,1,1
17,-5394,1,1,1
17,-5390,1,1,1
17,-5386,0,1,1
17,-5382,0,1,1
17,-5378,1,1,1
17,-5374,1,1,1
17,-5370,0,1,1
17,-5366,0,1,1
17,-5362,1,1,1
17,-5358,1,1,1
17,-5354,0,1,1
17,-5350,0,1,1
17,-5346,1,1,1
17,-5342,1,1,1
17,-5334,0,1,1
17,-5330,1,1,1
17,-5326,1,1,1
17,-5322,0,1,1
17,-5318,0,1,1
17,-5314,1,1,1
17,-5310,1,1,1
17,-5306,0,1,1
17,-5302,0,0,0
17,-5298,0,1,1
17,-5294,1,1,1
17,-5290,0,1,1
17,-5286,0,1,1
17,-5282,1,1,1
17,-5278,1,1,1
17,-5274,0,0,0
17,-5266,1,1,1
17,-5262,1,1,1
17,-5258,0,1,1
17,-5254,0,1,1
17,-5250,1,1,1
17,-5246,1,1,1
17,-5242,0,1,1
17,-5238,0,1,1
17,-5234,1,1,1
17,-5230,1,1,1
17,-5226,0,1,1
17,-5222,0,1,1
17,-5218,1,1,1
17,-5214,1,1,1
17,-5210,0,1,1
17,-5206,0,1,1
17,-5198,1,1,1
17,-5194,0,1,1
17,-5190,0,0,0
17,-5186,1,1,1
17,-5182,1,1,1
17,-5178,0,1,1
17,-5174,0,1,1
17,-5170,1,1,1
17,-5166,1,1,1
17,-5162,0,1,1
17,-5158,0,1,1
17,-5154,1,1,1
17,-5150,1,1,1
17,-5146,0,1,1
17,-5142,0,0,0
17,-5138,1,1,1
17,-5130,0,1,1
17,-5126,0,1,1
17,-5122,1,1,1
17,-5118,1,1,1
17,-5114,0,1,1
17,-5110,0,1,1
17,-5106,1,1,1
17,-5102,0,0,0
17,-5098,0,1,1
17,-5094,0,0,0
17,-5090,1,1,1
17,-5086,1,1,1
17,-5082,0,1,1
17,-5078,0,1,1
17,-5074,1,1,1
17,-5070,1,1,1
17,-5062,0,1,1
17,-5058,1,1,1
17,-5054,1,1,1
17,-5050,0,1,1
17,-5046,0,1,1
17,-5042,1,1,1
17,-5038,1,1,1
17,-5034,0,1,1
17,-5030,0,1,1
17,-5026,1,1,1
17,-5022,1,1,1
17,-5018,0,1,1
17,-5014,0,1,1
17,-5010,1,1,1
17,-5006,1,1,1
17,-5002,0,1,1
17,-4994,1,1,1
17,-4990,1,1,1
17,-4986,0,1,1
17,-4982,0,1,1
17,-4978,1,1,1
17,-4974,1,1,1
17,-4970,0,1,1
17,-4966,0,1,1
17,-4962,1,1,1
17,-4958,1,1,1
17,-4954,0,1,1
17,-4950,0,1,1
17,-4946,1,1,1
17,-4942,1,1,1
17,-4938,0,1,1
17,-4934,0,1,1
17,-4926,1,1,1
17,-4922,0,1,1
17,-4918,0,1,1
17,-4914,1,1,1
17,-4910,1,1,1
17,-4906,0,1,1
17,-4902,0,1,1
17,-4898,1,1,1
17,-4894,1,1,1
17,-4890,0,1,1
17,-4886,0,1,1
17,-4882,0,1,1
17,-4878,1,1,1
17,-4874,0,1,1
17,-4870,0,1,1
17,-4866,1,1,1
17,-4858,0,1,1
17,-4854,0,1,1
17,-4850,1,1,1
17,-4846,1,1,1
17,-4842,0,1,1
17,-4838,0,1,1
17,-4834,1,1,1
17,-4830,1,1,1
17,-4826,0,1,1
17,-4822,0,1,1
17,-4818,1,1,1
17,-4814,1,1,1
17,-4810,0,1,1
17,-4806,0,1,1
17,-4802,1,1,1
17,-4798,1,1,1
17,-4790,0,1,1
17,-4786,1,1,1
17,-4782,1,1,1
17,-4778,0,1,1
17,-4774,0,1,1
17,-4770,1,1,1
17,-4766,1,1,1
17,-4762,0,1,1
17,-4758,0,1,1
17,-4754,1,1,1
17,-4750,1,1,1
17,-4746,0,1,1
17,-4742,0,1,1
17,-4738,1,1,1
17,-4734,1,1,1
17,-4730,0,1,1
17,-4722,0,0,0
17,-4718,1,1,1
17,-4714,0,1,1
17,-4710,0,1,1
17,-4706,1,1,1
17,-4702,1,1,1
17,-4698,0,1,1
17,-4694,0,1,1
17,-4690,1,0,1
17,-4686,0,1,1
17,-4682,0,1,1
17,-4678,0,1,1
17,-4674,1,1,1
17,-4670,1,1,1
17,-4666,0,1,1
17,-4662,0,1,1
17,-4654,1,1,1
17,-4650,0,0,0
17,-4646,0,1,1
17,-4642,1,1,1
17,-4638,1,1,1
17,-4634,0,1,1
17,-4630,0,1,1
17,-4626,1,1,1
17,-4622,1,1,1
17,-4618,0,1,1
17,-4614,0,1,1
17,-4610,1,1,1
17,-4606,1,1,1
17,-4602,0,0,0
17,-4598,0,1,1
17,-4594,1,1,1
17,-4586,0,1,1
17,-4582,0,1,1
17,-4578,1,1,1
17,-4574,1,1,1
17,-4570,0,1,1
17,-4566,0,1,1
17,-4562,0,0,0
17,-4558,1,1,1
17,-4554,0,1,1
17,-4550,0,1,1
17,-4546,1,1,1
17,-4542,1,1,1
17,-4538,0,1,1
17,-4534,0,1,1
17,-4530,1,1,1
17,-4526,1,1,1
17,-4518,0,0,0
17,-4514,1,1,1
17,-4510,1,1,1
17,-4506,0,1,1
17,-4502,0,1,1
17,-4498,1,1,1
17,-4494,1,1,1
17,-4490,0,1,1
17,-4486,0,1,1
17,-4482,1,1,1
17,-4478,1,1,1
17,-4474,0,1,1
17,-4470,0,1,1
17,-4466,1,1,1
17,-4462,1,1,1
17,-4458,0,1,1
17,-4450,1,1,1
17,-4446,1,1,1
17,-4442,0,0,0
17,-4438,0,0,0
17,-4434,0,1,1
17,-4430,1,1,1
17,-4426,0,1,1
17,-4422,0,1,1
17,-4418,1,1,1
17,-4414,1,1,1
17,-4410,0,1,1
17,-4406,0,1,1
17,-4402,1,1,1
17,-4398,1,1,1
17,-4394,0,1,1
17,-4390,0,1,1
17,-4382,1,1,1
17,-4378,0,1,1
17,-4374,0,1,1
17,-4370,1,1,1
17,-4366,1,1,1
17,-4362,0,1,1
17,-4358,0,1,1
17,-4354,1,0,1
17,-4350,1,1,1
17,-4346,0,1,1
17,-4342,0,1,1
17,-4338,1,0,1
17,-4334,1,1,1
17,-4330,0,1,1
17,-4326,0,1,1
17,-4322,1,1,1
17,-4314,0,1,1
17,-4310,0,1,1
17,-4306,1,1,1
17,-4302,1,1,1
17,-4298,0,1,1
17,-4294,0,1,1
17,-4290,1,1,1
17,-4286,1,1,1
17,-4282,0,1,1
17,-4278,0,1,1
17,-4274,1,1,1
17,-4270,1,1,1
17,-4266,0,1,1
17,-4262,0,1,1
17,-4258,1,1,1
17,-4254,1,1,1
17,-4246,0,1,1
17,-4242,1,1,1
17,-4238,1,1,1
17,-4234,0,1,1
17,-4230,0,1,1
17,-4226,1,1,1
17,-4222,1,0,1
17,-4218,0,1,1
17,-4214,0,1,1
17,-4210,1,1,1
17,-4206,0,1,1
17,-4202,0,1,1
17,-4198,0,1,1
17,-4194,1,1,1
17,-4190,1,1,1
17,-4186,0,1,1
17,-4178,1,1,1
17,-4174,1,1,1
17,-4170,0,1,1
17,-4166,0,1,1
17,-4162,1,1,1
17,-4158,1,0,1
17,-4154,0,0,0
17,-4150,0,0,0
17,-4146,1,1,1
17,-4142,1,1,1
17,-4138,0,1,1
17,-4134,0,0,0
17,-4130,1,1,1
17,-4126,1,1,1
17,-4122,0,1,1
17,-4118,0,1,1
17,-4110,1,1,1
17,-4106,0,1,1
17,-4102,0,1,1
17,-4098,1,1,1
17,-4094,1,1,1
17,-4090,0,1,1
17,-4086,0,1,1
17,-4082,1,1,1
17,-4078,1,1,1
17,-4074,0,1,1
17,-4070,0,1,1
17,-4066,1,1,1
17,-4062,1,1,1
17,-4058,0,1,1
17,-4054,0,1,1
17,-4050,1,1,1
17,-4042,0,1,1
17,-4038,0,1,1
17,-4034,1,1,1
17,-4030,1,1,1
17,-4026,0,1,1
17,-4022,0,0,0
17,-4018,1,1,1
17,-4014,1,1,1
17,-4010,0,1,1
17,-4006,0,1,1
17,-4002,1,1,1
17,-3998,1,1,1
17,-3994,0,1,1
17,-3990,0,1,1
17,-3986,1,1,1
17,-3982,1,1,1
17,-3974,0,1,1
17,-3970,1,1,1
17,-3966,1,1,1
17,-3962,0,1,1
17,-3958,0,1,1
17,-3954,1,1,1
17,-3950,1,1,1
17,-3946,0,1,1
17,-3942,0,1,1
17,-3938,1,1,1
17,-3934,1,1,1
17,-3930,0,1,1
17,-3926,0,1,1
17,-3922,1,1,1
17,-3918,1,0,1
17,-3914,0,1,1
17,-3906,1,1,1
17,-3902,1,1,1
17,-3898,0,1,1
17,-3894,0,1,1
17,-3890,1,1,1
17,-3886,1,1,1
17,-3882,0,1,1
17,-3878,0,1,1
17,-3874,1,1,1
17,-3870,1,1,1
17,-3866,0,1,1
17,-3862,0,1,1
17,-3858,1,1,1
17,-3854,1,1,1
17,-3850,0,1,1
17,-3846,0,0,0
17,-3838,1,1,1
17,-3834,0,1,1
17,-3830,0,1,1
17,-3826,1,1,1
17,-3822,1,1,1
17,-3818,0,1,1
17,-3814,0,1,1
17,-3810,1,1,1
17,-3806,1,1,1
17,-3802,0,1,1
17,-3798,0,1,1
17,-3794,1,1,1
17,-3790,1,1,1
17,-3786,0,1,1
17,-3782,0,1,1
17,-3778,1,1,1
17,-3770,0,1,1
17,-3766,0,1,1
17,-3762,1,0,1
17,-3758,1,1,1
17,-3754,0,1,1
17,-3750,0,1,1
17,-3746,1,1,1
17,-3742,1,1,1
17,-3738,0,1,1
17,-3734,0,0,0
17,-3730,1,1,1
17,-3726,1,1,1
17,-3722,0,1,1
17,-3718,0,1,1
17,-3714,1,1,1
17,-3710,1,1,1
17,-3702,0,1,1
17,-3698,1,1,1
17,-3694,1,1,1
17,-3690,0,1,1
17,-3686,0,1,1
17,-3682,1,1,1
17,-3678,1,1,1
17,-3674,0,1,1
17,-3670,0,1,1
17,-3666,1,1,1
17,-3662,1,1,1
17,-3658,0,1,1
17,-3654,0,1,1
17,-3650,1,1,1
17,-3646,1,1,1
17,-3642,0,0,0
17,-3634,1,1,1
17,-3630,1,1,1
17,-3626,0,1,1
17,-3622,0,1,1
17,-3618,1,1,1
17,-3614,1,1,1
17,-3610,0,1,1
17,-3606,0,1,1
17,-3602,0,1,1
17,-3598,1,1,1
17,-3594,0,1,1
17,-3590,0,1,1
17,-3586,1,1,1
17,-3582,1,1,1
17,-3578,0,1,1
17,-3574,0,1,1
17,-3566,1,1,1
17,-3562,0,1,1
17,-3558,0,1,1
17,-3554,1,1,1
17,-3550,1,1,1
17,-3546,0,0,0
17,-3542,0,1,1
17,-3538,1,1,1
17,-3534,1,1,1
17,-3530,0,1,1
17,-3526,0,1,1
17,-3522,1,1,1
17,-3518,1,1,1
17,-3514,0,1,1
17,-3510,0,1,1
17,-3506,1,1,1
17,-3498,0,1,1
17,-3494,0,1,1
17,-3490,1,1,1
17,-3486,1,1,1
17,-3482,0,1,1
17,-3478,0,1,1
17,-3474,1,1,1
17,-3470,1,1,1
17,-3466,0,1,1
17,-3462,0,1,1
17,-3458,1,1,1
17,-3454,1,1,1
17,-3450,0,1,1
17,-3446,0,1,1
17,-3442,1,1,1
17,-3438,1,1,1
17,-3430,0,1,1
17,-3426,1,1,1
17,-3422,1,1,1
17,-3418,0,1,1
17,-3414,0,1,1
17,-3410,1,1,1
17,-3406,1,1,1
17,-3402,0,1,1
17,-3398,0,1,1
17,-3394,1,1,1
17,-3390,1,1,1
17,-3386,0,1,1
17,-3382,0,1,1
17,-3378,1,1,1
17,-3374,1,1,1
17,-3370,0,1,1
17,-3362,1,1,1
17,-3358,1,1,1
17,-3354,0,1,1
17,-3350,0,1,1
17,-3346,1,1,1
17,-3342,1,1,1
17,-3338,0,1,1
17,-3334,0,1,1
17,-3330,1,1,1
17,-3326,1,1,1
17,-3322,0,1,1
17,-3318,0,1,1
17,-3314,1,1,1
17,-3310,1,1,1
17,-3306,0,1,1
17,-3302,0,1,1
17,-3294,1,1,1
17,-3290,0,1,1
17,-3286,0,1,1
17,-3282,1,1,1
17,-3278,1,1,1
17,-3274,0,1,1
17,-3270,0,1,1
17,-3266,1,1,1
17,-3262,1,1,1
17,-3258,0,1,1
17,-3254,0,1,1
17,-3250,1,1,1
17,-3246,1,1,1
17,-3242,0,1,1
17,-3238,0,1,1
17,-3234,1,1,1
17,-3226,0,1,1
17,-3222,0,1,1
17,-3218,1,1,1
17,-3214,1,1,1
17,-3210,0,1,1
17,-3206,0,1,1
17,-3202,1,1,1
17,-3198,1,1,1
17,-3194,0,1,1
17,-3190,0,1,1
17,-3186,1,1,1
17,-3182,1,1,1
17,-3178,0,1,1
17,-3174,0,1,1
17,-3170,1,1,1
17,-3166,1,0,1
17,-3158,0,1,1
17,-3154,1,1,1
17,-3150,0,1,1
17,-3146,0,1,1
17,-3142,0,1,1
17,-3138,1,1,1
17,-3134,1,1,1
17,-3130,0,1,1
17,-3126,0,1,1
17,-3122,1,1,1
17,-3118,1,1,1
17,-3114,0,1,1
17,-3110,0,1,1
17,-3106,1,1,1
17,-3102,1,0,1
17,-3098,0,1,1
17,-3090,1,1,1
17,-3086,1,1,1
17,-3082,0,1,1
17,-3078,0,0,0
17,-3074,1,1,1
17,-3070,1,1,1
17,-3066,0,1,1
17,-3062,0,1,1
17,-3058,1,1,1
17,-3054,1,0,1
17,-3050,0,1,1
17,-3046,0,1,1
17,-3042,1,1,1
17,-3038,1,1,1
17,-3034,0,1,1
17,-3030,0,1,1
17,-3022,1,1,1
17,-3018,0,1,1
17,-3014,0,1,1
17,-3010,1,1,1
17,-3006,1,1,1
17,-3002,0,1,1
17,-2998,0,1,1
17,-2994,1,1,1
17,-2990,1,1,1
17,-2986,0,1,1
17,-2982,0,1,1
17,-2978,1,1,1
17,-2974,1,1,1
17,-2970,0,1,1
17,-2966,0,1,1
17,-2962,1,1,1
17,-2954,0,1,1
17,-2950,0,1,1
17,-2946,1,1,1
17,-2942,1,1,1
17,-2938,0,1,1
17,-2934,0,1,1
17,-2930,1,1,1
17,-2926,1,1,1
17,-2922,0,1,1
17,-2918,0,1,1
17,-2914,1,1,1
17,-2910,1,1,1
17,-2906,0,1,1
17,-2902,0,1,1
17,-2898,1,1,1
17,-2894,1,1,1
17,-2886,0,1,1
17,-2882,1,1,1
17,-2878,1,1,1
17,-2874,0,1,1
17,-2870,0,1,1
17,-2866,1,0,1
17,-2862,1,1,1
17,-2858,0,1,1
17,-2854,0,1,1
17,-2850,1,1,1
17,-2846,1,1,1
17,-2842,0,0,0
17,-2838,0,0,0
17,-2834,1,1,1
17,-2830,1,1,1
17,-2826,0,1,1
17,-2818,1,1,1
17,-2814,1,1,1
17,-2810,0,1,1
17,-2806,0,1,1
17,-2802,0,1,1
17,-2798,1,1,1
17,-2794,0,1,1
17,-2790,0,1,1
17,-2786,1,1,1
17,-2782,1,1,1
17,-2778,0,1,1
17,-2774,0,1,1
17,-2770,1,1,1
17,-2766,1,1,1
17,-2762,0,1,1
17,-2758,0,1,1
17,-2750,1,1,1
17,-2746,0,1,1
17,-2742,0,1,1
17,-2738,1,1,1
17,-2734,1,1,1
17,-2730,0,1,1
17,-2726,0,1,1
17,-2722,1,1,1
17,-2718,1,1,1
17,-2714,0,1,1
17,-2710,0,1,1
17,-2706,1,0,1
17,-2702,1,1,1
17,-2698,0,1,1
17,-2694,0,1,1
17,-2690,1,1,1
17,-2682,0,1,1
17,-2678,0,1,1
17,-2674,1,1,1
17,-2670,1,1,1
17,-2666,0,1,1
17,-2662,0,1,1
17,-2658,1,0,1
17,-2654,1,1,1
17,-2650,0,1,1
17,-2646,0,1,1
17,-2642,1,1,1
17,-2638,1,1,1
17,-2634,0,1,1
17,-2630,0,1,1
17,-2626,1,1,1
17,-2622,1,1,1
17,-2614,0,1,1
17,-2610,1,1,1
17,-2606,1,1,1
17,-2602,0,1,1
17,-2598,0,1,1
17,-2594,1,1,1
17,-2590,1,1,1
17,-2586,0,1,1
17,-2582,0,1,1
17,-2578,1,1,1
17,-2574,1,1,1
17,-2570,0,1,1
17,-2566,0,1,1
17,-2562,1,1,1
17,-2558,1,1,1
17,-2554,0,1,1
17,-2546,1,1,1
17,-2542,1,1,1
17,-2538,0,1,1
17,-2534,0,1,1
17,-2530,1,1,1
17,-2526,1,1,1
17,-2522,0,1,1
17,-2518,0,1,1
17,-2514,1,1,1
17,-2510,1,1,1
17,-2506,0,1,1
17,-2502,0,1,1
17,-2498,1,1,1
17,-2494,1,1,1
17,-2490,0,1,1
17,-2486,0,1,1
17,-2478,1,1,1
17,-2474,0,1,1
17,-2470,0,1,1
17,-2466,1,1,1
17,-2462,1,1,1
17,-2458,0,1,1
17,-2454,0,1,1
17,-2450,1,1,1
17,-2446,1,1,1
17,-2442,0,1,1
17,-2438,0,1,1
17,-2434,1,1,1
17,-2430,1,1,1
17,-2426,0,1,1
17,-2422,0,1,1
17,-2418,1,1,1
17,-2410,0,1,1
17,-2406,0,1,1
17,-2402,1,1,1
17,-2398,1,0,1
17,-2394,0,1,1
17,-2390,0,1,1
17,-2386,1,1,1
17,-2382,1,1,1
17,-2378,0,1,1
17,-2374,0,1,1
17,-2370,1,1,1
17,-2366,1,0,1
17,-2362,0,1,1
17,-2358,0,1,1
17,-2354,1,1,1
17,-2350,1,0,1
17,-2342,0,1,1
17,-2338,1,1,1
17,-2334,1,0,1
17,-2330,0,1,1
17,-2326,0,1,1
17,-2322,1,1,1
17,-2318,1,1,1
17,-2314,0,1,1
17,-2310,0,1,1
17,-2306,1,0,1
17,-2302,1,1,1
17,-2298,0,1,1
17,-2294,0,1,1
17,-2290,1,1,1
17,-2286,0,1,1
17,-2282,0,1,1
17,-2274,1,1,1
17,-2270,1,1,1
17,-2266,0,1,1
17,-2262,0,0,0
17,-2258,1,1,1
17,-2254,1,1,1
17,-2250,0,1,1
17,-2246,0,1,1
17,-2242,1,1,1
17,-2238,1,1,1
17,-2234,0,1,1
17,-2230,0,1,1
17,-2226,1,1,1
17,-2222,1,1,1
17,-2218,0,1,1
17,-2214,0,1,1
17,-2206,1,1,1
17,-2202,0,1,1
17,-2198,0,1,1
17,-2194,1,1,1
17,-2190,1,1,1
17,-2186,0,1,1
17,-2182,0,1,1
17,-2178,1,1,1
17,-2174,1,1,1
17,-2170,0,1,1
17,-2166,0,1,1
17,-2162,1,1,1
17,-2158,1,1,1
17,-2154,0,1,1
17,-2150,0,1,1
17,-2146,1,1,1
17,-2138,0,1,1
17,-2134,0,1,1
17,-2130,1,1,1
17,-2126,1,1,1
17,-2122,0,1,1
17,-2118,0,1,1
17,-2114,1,1,1
17,-2110,1,1,1
17,-2106,0,1,1
17,-2102,0,1,1
17,-2098,1,1,1
17,-2094,1,1,1
17,-2090,0,1,1
17,-2086,0,1,1
17,-2082,1,1,1
17,-2078,1,0,1
17,-2070,0,1,1
17,-2066,1,1,1
17,-2062,1,1,1
17,-2058,0,1,1
17,-2054,0,1,1
17,-2050,1,1,1
17,-2046,1,0,1
17,-2042,0,0,0
17,-2038,0,1,1
17,-2034,1,1,1
17,-2030,1,1,1
17,-2026,0,1,1
17,-2022,0,1,1
17,-2018,1,1,1
17,-2014,1,1,1
17,-2010,0,1,1
17,-2002,1,0,1
17,-1998,1,1,1
17,-1994,0,1,1
17,-1990,0,1,1
17,-1986,1,1,1
17,-1982,1,1,1
17,-1978,0,1,1
17,-1974,0,1,1
17,-1970,1,1,1
17,-1966,1,1,1
17,-1962,0,1,1
17,-1958,0,1,1
17,-1954,1,1,1
17,-1950,1,0,1
17,-1946,0,1,1
17,-1942,0,1,1
17,-1934,1,0,1
17,-1930,0,1,1
17,-1926,0,1,1
17,-1922,1,1,1
17,-1918,1,1,1
17,-1914,0,0,0
17,-1910,0,1,1
17,-1906,1,1,1
17,-1902,1,1,1
17,-1898,0,1,1
17,-1894,0,1,1
17,-1890,1,0,1
17,-1886,1,1,1
17,-1882,0,1,1
17,-1878,0,1,1
17,-1874,1,1,1
17,-1866,0,1,1
17,-1862,0,1,1
17,-1858,1,1,1
17,-1854,1,1,1
17,-1850,0,1,1
17,-1846,0,1,1
17,-1842,1,1,1
17,-1838,1,1,1
17,-1834,0,1,1
17,-1830,0,1,1
17,-1826,1,1,1
17,-1822,1,0,1
17,-1818,0,1,1
17,-1814,0,1,1
17,-1810,1,1,1
17,-1806,0,1,1
17,-1798,0,1,1
17,-1794,1,1,1
17,-1790,1,1,1
17,-1786,0,1,1
17,-1782,0,1,1
17,-1778,1,1,1
17,-1774,1,1,1
17,-1770,0,1,1
17,-1766,0,1,1
17,-1762,1,1,1
17,-1758,1,1,1
17,-1754,0,1,1
17,-1750,0,1,1
17,-1746,1,1,1
17,-1742,1,1,1
17,-1738,0,1,1
17,-1730,1,1,1
17,-1726,1,1,1
17,-1722,0,0,0
17,-1718,0,1,1
17,-1714,1,1,1
17,-1710,1,1,1
17,-1706,0,1,1
17,-1702,0,1,1
17,-1698,1,0,1
17,-1694,1,1,1
17,-1690,0,1,1
17,-1686,0,1,1
17,-1682,1,1,1
17,-1678,1,1,1
17,-1674,0,1,1
17,-1670,0,1,1
17,-1662,1,1,1
17,-1658,0,1,1
17,-1654,0,1,1
17,-1650,1,1,1
17,-1646,1,1,1
17,-1642,0,1,1
17,-1638,0,1,1
17,-1634,1,1,1
17,-1630,1,1,1
17,-1626,0,1,1
17,-1622,0,1,1
17,-1618,1,1,1
17,-1614,1,1,1
17,-1610,0,1,1
17,-1606,0,1,1
17,-1602,1,1,1
17,-1594,0,1,1
17,-1590,0,1,1
17,-1586,1,1,1
17,-1582,1,1,1
17,-1578,0,1,1
17,-1574,0,1,1
17,-1570,1,1,1
17,-1566,1,1,1
17,-1562,0,1,1
17,-1558,0,1,1
17,-1554,1,1,1
17,-1550,1,1,1
17,-1546,0,1,1
17,-1542,0,1,1
17,-1538,1,1,1
17,-1534,1,1,1
17,-1526,0,1,1
17,-1522,1,1,1
17,-1518,0,1,1
17,-1514,0,1,1
17,-1510,0,1,1
17,-1506,1,1,1
17,-1502,1,1,1
17,-1498,0,1,1
17,-1494,0,0,0
17,-1490,1,1,1
17,-1486,1,0,1
17,-1482,0,1,1
17,-1478,0,1,1
17,-1474,1,1,1
17,-1470,1,1,1
17,-1466,0,1,1
17,-1458,1,1,1
17,-1454,1,1,1
17,-1450,0,1,1
17,-1446,0,1,1
17,-1442,1,1,1
17,-1438,1,1,1
17,-1434,0,1,1
17,-1430,0,1,1
17,-1426,1,1,1
17,-1422,1,1,1
17,-1418,0,1,1
17,-1414,0,1,1
17,-1410,1,1,1
17,-1406,1,1,1
17,-1402,0,1,1
17,-1398,0,1,1
17,-1390,1,1,1
17,-1386,0,1,1
17,-1382,0,1,1
17,-1378,1,1,1
17,-1374,1,1,1
17,-1370,0,1,1
17,-1366,0,1,1
17,-1362,1,1,1
17,-1358,1,1,1
17,-1354,0,1,1
17,-1350,0,1,1
17,-1346,1,1,1
17,-1342,1,1,1
17,-1338,0,1,1
17,-1334,0,1,1
17,-1330,1,1,1
17,-1322,0,1,1
17,-1318,0,1,1
17,-1314,1,1,1
17,-1310,1,1,1
17,-1306,0,1,1
17,-1302,0,1,1
17,-1298,1,1,1
17,-1294,1,1,1
17,-1290,0,1,1
17,-1286,0,1,1
17,-1282,1,1,1
17,-1278,1,1,1
17,-1274,0,1,1
17,-1270,0,1,1
17,-1266,1,0,1
17,-1262,1,1,1
17,-1254,0,0,0
17,-1250,1,1,1
17,-1246,1,1,1
17,-1242,0,1,1
17,-1238,0,1,1
17,-1234,1,1,1
17,-1230,1,1,1
17,-1226,0,1,1
17,-1222,0,1,1
17,-1218,1,0,1
17,-1214,1,1,1
17,-1210,0,1,1
17,-1206,0,1,1
17,-1202,1,1,1
17,-1198,1,1,1
17,-1194,0,0,0
17,-1186,1,1,1
17,-1182,1,1,1
17,-1178,0,1,1
17,-1174,0,1,1
17,-1170,1,1,1
17,-1166,1,1,1
17,-1162,0,1,1
17,-1158,0,1,1
17,-1154,1,1,1
17,-1150,1,1,1
17,-1146,0,0,0
17,-1142,0,1,1
17,-1138,1,1,1
17,-1134,1,1,1
17,-1130,0,1,1
17,-1126,0,1,1
17,-1118,1,1,1
17,-1114,0,1,1
17,-1110,0,1,1
17,-1106,1,1,1
17,-1102,1,1,1
17,-1098,0,1,1
17,-1094,0,1,1
17,-1090,1,1,1
17,-1086,1,1,1
17,-1082,0,1,1
17,-1078,0,1,1
17,-1074,1,1,1
17,-1070,1,1,1
17,-1066,0,1,1
17,-1062,0,1,1
17,-1058,1,1,1
17,-1050,0,1,1
17,-1046,0,1,1
17,-1042,1,1,1
17,-1038,1,1,1
17,-1034,0,1,1
17,-1030,0,1,1
17,-1026,1,1,1
17,-1022,1,1,1
17,-1018,0,1,1
17,-1014,0,1,1
17,-1010,1,1,1
17,-1006,1,1,1
17,-1002,0,1,1
17,-998,0,0,0
17,-994,1,1,1
17,-990,1,1,1
17,-982,0,1,1
17,-978,1,1,1
17,-974,1,1,1
17,-970,0,1,1
17,-966,0,1,1
17,-962,1,1,1
17,-958,1,1,1
17,-954,0,1,1
17,-950,0,1,1
17,-946,1,1,1
17,-942,1,1,1
17,-938,0,1,1
17,-934,0,1,1
17,-930,1,1,1
17,-926,1,1,1
17,-922,0,1,1
17,-914,1,1,1
17,-910,1,1,1
17,-906,0,1,1
17,-902,0,1,1
17,-898,1,1,1
17,-894,1,1,1
17,-890,0,1,1
17,-886,0,1,1
17,-882,1,0,1
17,-878,1,1,1
17,-874,0,1,1
17,-870,0,1,1
17,-866,1,1,1
17,-862,1,1,1
17,-858,0,1,1
17,-854,0,1,1
17,-846,1,1,1
17,-842,0,1,1
17,-838,0,1,1
17,-834,1,1,1
17,-830,1,1,1
17,-826,0,1,1
17,-822,0,1,1
17,-818,1,1,1
17,-814,1,1,1
17,-810,0,1,1
17,-806,0,1,1
17,-802,1,1,1
17,-798,1,0,1
17,-794,0,1,1
17,-790,0,1,1
17,-786,1,1,1
17,-778,0,1,1
17,-774,0,1,1
17,-770,1,1,1
17,-766,1,1,1
17,-762,0,1,1
17,-758,0,1,1
17,-754,1,1,1
17,-750,1,1,1
17,-746,0,1,1
17,-742,0,1,1
17,-738,1,1,1
17,-734,1,1,1
17,-730,0,1,1
17,-726,0,1,1
17,-722,1,1,1
17,-718,1,1,1
17,-710,0,1,1
17,-706,1,1,1
17,-702,1,1,1
17,-698,0,1,1
17,-694,0,1,1
17,-690,1,1,1
17,-686,1,1,1
17,-682,0,1,1
17,-678,0,1,1
17,-674,1,1,1
17,-670,1,1,1
17,-666,0,1,1
17,-662,0,0,0
17,-658,1,1,1
17,-654,1,1,1
17,-650,0,1,1
17,-642,1,1,1
17,-638,1,1,1
17,-634,0,1,1
17,-630,0,1,1
17,-626,1,1,1
17,-622,1,1,1
17,-618,0,0,0
17,-614,0,1,1
17,-610,1,1,1
17,-606,1,1,1
17,-602,0,1,1
17,-598,0,1,1
17,-594,1,1,1
17,-590,1,1,1
17,-586,0,1,1
17,-582,0,1,1
17,-574,1,1,1
17,-570,0,1,1
17,-566,0,1,1
17,-562,1,1,1
17,-558,1,0,1
17,-554,0,1,1
17,-550,0,1,1
17,-546,1,1,1
17,-542,1,1,1
17,-538,0,1,1
17,-534,0,1,1
17,-530,1,1,1
17,-526,1,1,1
17,-522,0,1,1
17,-518,0,1,1
17,-514,1,1,1
17,-506,0,1,1
17,-502,0,0,0
17,-498,1,1,1
17,-494,1,1,1
17,-490,0,1,1
17,-486,0,1,1
17,-482,1,1,1
17,-478,1,1,1
17,-474,0,1,1
17,-470,0,1,1
17,-466,1,1,1
17,-462,1,1,1
17,-458,0,1,1
17,-454,0,1,1
17,-450,1,1,1
17,-446,1,1,1
17,-438,0,1,1
17,-434,1,1,1
17,-430,1,1,1
17,-426,0,1,1
17,-422,0,1,1
17,-418,1,1,1
17,-414,1,1,1
17,-410,0,1,1
17,-406,0,1,1
17,-402,1,1,1
17,-398,1,1,1
17,-394,0,1,1
17,-390,0,1,1
17,-386,1,1,1
17,-382,1,1,1
17,-378,0,0,0
17,-370,1,1,1
17,-366,1,1,1
17,-362,0,1,1
17,-358,0,1,1
17,-354,1,1,1
17,-350,1,1,1
17,-346,0,1,1
17,-342,0,1,1
17,-338,1,1,1
17,-334,1,1,1
17,-330,0,1,1
17,-326,0,1,1
17,-322,1,1,1
17,-318,1,1,1
17,-314,0,1,1
17,-310,0,1,1
17,-302,1,1,1
17,-298,0,1,1
17,-294,0,1,1
17,-290,1,1,1
17,-286,1,1,1
17,-282,0,1,1
17,-278,0,1,1
17,-274,1,1,1
17,-270,1,1,1
17,-266,0,1,1
17,-262,0,1,1
17,-258,1,1,1
17,-254,1,1,1
17,-250,0,1,1
17,-246,0,1,1
17,-242,0,1,1
17,-234,0,1,1
17,-230,0,1,1
17,-226,1,1,1
17,-222,1,0,1
17,-218,0,1,1
17,-214,0,1,1
17,-210,1,1,1
17,-206,1,1,1
17,-202,0,1,1
17,-198,0,1,1
17,-194,1,1,1
17,-190,1,1,1
17,-186,0,1,1
17,-182,0,1,1
17,-178,1,1,1
17,-174,1,1,1
17,-166,0,1,1
17,-162,1,1,1
17,-158,1,1,1
17,-154,0,1,1
17,-150,0,1,1
17,-146,1,1,1
17,-142,1,1,1
17,-138,0,1,1
17,-134,0,1,1
17,-130,1,1,1
17,-126,1,1,1
17,-122,0,1,1
17,-118,0,1,1
17,-114,1,1,1
17,-110,1,1,1
17,-106,0,1,1
17,-98,1,1,1
17,-94,1,1,1
17,-90,0,1,1
17,-86,0,1,1
17,-82,1,1,1
17,-78,1,1,1
17,-74,0,1,1
17,-70,0,1,1
17,-66,1,1,1
17,-62,1,1,1
17,-58,0,1,1
17,-54,0,1,1
17,-50,0,1,1
17,-46,1,1,1
17,-42,0,1,1
17,-38,0,1,1
17,-30,1,1,1
17,-26,0,1,1
17,-22,0,1,1
17,-18,0,1,1
17,-14,1,1,1
17,-10,0,1,1
17,-6,0,1,1
17,-2,1,1,1
17,2,1,1,1
17,6,0,1,1
17,10,0,1,1
17,14,1,1,1
17,18,0,1,1
17,22,0,1,1
17,26,0,1,1
17,30,1,1,1
17,38,0,1,1
17,42,0,1,1
17,46,1,1,1
17,50,0,1,1
17,54,0,1,1
17,58,0,1,1
17,62,1,1,1
17,66,1,1,1
17,70,0,1,1
17,74,0,1,1
17,78,1,1,1
17,82,1,1,1
17,86,0,1,1
17,90,0,1,1
17,94,1,1,1
17,98,1,1,1
17,106,0,1,1
17,110,1,1,1
17,114,1,1,1
17,118,0,1,1
17,122,0,1,1
17,126,1,1,1
17,130,1,1,1
17,134,0,1,1
17,138,0,1,1
17,142,1,1,1
17,146,1,1,1
17,150,0,1,1
17,154,0,1,1
17,158,1,1,1
17,162,1,1,1
17,166,0,1,1
17,174,1,1,1
17,178,1,1,1
17,182,0,1,1
17,186,0,1,1
17,190,1,1,1
17,194,1,1,1
17,198,0,1,1
17,202,0,1,1
17,206,1,1,1
17,210,1,1,1
17,214,0,1,1
17,218,0,1,1
17,222,1,0,1
17,226,1,1,1
17,230,0,1,1
17,234,0,1,1
17,242,0,1,1
17,246,0,1,1
17,250,0,1,1
17,254,1,1,1
17,258,1,1,1
17,262,0,1,1
17,266,0,1,1
17,270,1,1,1
17,274,1,1,1
17,278,0,1,1
17,282,0,1,1
17,286,1,1,1
17,290,1,1,1
17,294,0,1,1
17,298,0,1,1
17,302,1,1,1
17,310,0,1,1
17,314,0,1,1
17,318,1,1,1
17,322,1,1,1
17,326,0,1,1
17,330,0,1,1
17,334,1,1,1
17,338,1,1,1
17,342,0,1,1
17,346,0,1,1
17,350,1,1,1
17,354,1,1,1
17,358,0,1,1
17,362,0,1,1
17,366,1,1,1
17,370,1,1,1
17,378,0,0,0
17,382,1,1,1
17,386,1,1,1
17,390,0,1,1
17,394,0,1,1
17,398,1,1,1
17,402,1,1,1
17,406,0,1,1
17,410,0,1,1
17,414,1,1,1
17,418,1,1,1
17,422,0,1,1
17,426,0,1,1
17,430,1,1,1
17,434,1,1,1
17,438,0,1,1
17,446,1,1,1
17,450,1,1,1
17,454,0,1,1
17,458,0,1,1
17,462,1,1,1
17,466,1,1,1
17,470,0,1,1
17,474,0,1,1
17,478,1,1,1
17,482,1,1,1
17,486,0,1,1
17,490,0,1,1
17,494,1,1,1
17,498,1,1,1
17,502,0,0,0
17,506,0,1,1
17,514,1,1,1
17,518,0,1,1
17,522,0,1,1
17,526,1,1,1
17,530,1,1,1
17,534,0,1,1
17,538,0,1,1
17,542,1,1,1
17,546,1,1,1
17,550,0,1,1
17,554,0,1,1
17,558,1,0,1
17,562,1,1,1
17,566,0,1,1
17,570,0,1,1
17,574,1,1,1
17,582,0,1,1
17,586,0,1,1
17,590,1,1,1
17,594,1,1,1
17,598,0,1,1
17,602,0,1,1
17,606,1,1,1
17,610,1,1,1
17,614,0,1,1
17,618,0,0,0
17,622,1,1,1
17,626,1,1,1
17,630,0,1,1
17,634,0,1,1
17,638,1,1,1
17,642,1,1,1
17,650,0,1,1
17,654,1,1,1
17,658,1,1,1
17,662,0,0,0
17,666,0,1,1
17,670,1,1,1
17,674,1,1,1
17,678,0,1,1
17,682,0,1,1
17,686,1,1,1
17,690,1,1,1
17,694,0,1,1
17,698,0,1,1
17,702,1,1,1
17,706,1,1,1
17,710,0,1,1
17,718,1,1,1
17,722,1,1,1
17,726,0,1,1
17,730,0,1,1
17,734,1,1,1
17,738,1,1,1
17,742,0,1,1
17,746,0,1,1
17,750,1,1,1
17,754,1,1,1
17,758,0,1,1
17,762,0,1,1
17,766,1,1,1
17,770,1,1,1
17,774,0,1,1
17,778,0,1,1
17,786,1,1,1
17,790,0,1,1
17,794,0,1,1
17,798,1,0,1
17,802,1,1,1
17,806,0,1,1
17,810,0,1,1
17,814,1,1,1
17,818,1,1,1
17,822,0,1,1
17,826,0,1,1
17,830,1,1,1
17,834,1,1,1
17,838,0,1,1
17,842,0,1,1
17,846,1,1,1
17,854,0,1,1
17,858,0,1,1
17,862,1,1,1
17,866,1,1,1
17,870,0,1,1
17,874,0,1,1
17,878,1,1,1
17,882,1,0,1
17,886,0,1,1
17,890,0,1,1
17,894,1,1,1
17,898,1,1,1
17,902,0,1,1
17,906,0,1,1
17,910,1,1,1
17,914,1,1,1
17,922,0,1,1
17,926,1,1,1
17,930,1,1,1
17,934,0,1,1
17,938,0,1,1
17,942,1,1,1
17,946,1,1,1
17,950,0,1,1
17,954,0,1,1
17,958,1,1,1
17,962,1,1,1
17,966,0,1,1
17,970,0,1,1
17,974,1,1,1
17,978,1,1,1
17,982,0,1,1
17,990,1,1,1
17,994,1,1,1
17,998,0,0,0
17,1002,0,1,1
17,1006,1,1,1
17,1010,1,1,1
17,1014,0,1,1
17,1018,0,1,1
17,1022,1,1,1
17,1026,1,1,1
17,1030,0,1,1
17,1034,0,1,1
17,1038,1,1,1
17,1042,1,1,1
17,1046,0,1,1
17,1050,0,1,1
17,1058,1,1,1
17,1062,0,1,1
17,1066,0,1,1
17,1070,1,1,1
17,1074,1,1,1
17,1078,0,1,1
17,1082,0,1,1
17,1086,1,1,1
17,1090,1,1,1
17,1094,0,1,1
17,1098,0,1,1
17,1102,1,1,1
17,1106,1,1,1
17,1110,0,1,1
17,1114,0,1,1
17,1118,1,1,1
17,1126,0,1,1
17,1130,0,1,1
17,1134,1,1,1
17,1138,1,1,1
17,1142,0,1,1
17,1146,0,0,0
17,1150,1,1,1
17,1154,1,1,1
17,1158,0,1,1
17,1162,0,1,1
17,1166,1,1,1
17,1170,1,1,1
17,1174,0,1,1
17,1178,0,1,1
17,1182,1,1,1
17,1186,1,1,1
17,1194,0,0,0
17,1198,1,1,1
17,1202,1,1,1
17,1206,0,1,1
17,1210,0,1,1
17,1214,1,1,1
17,1218,1,0,1
17,1222,0,1,1
17,1226,0,1,1
17,1230,1,1,1
17,1234,1,1,1
17,1238,0,1,1
17,1242,0,1,1
17,1246,1,1,1
17,1250,1,1,1
17,1254,0,0,0
17,1262,1,1,1
17,1266,1,0,1
17,1270,0,1,1
17,1274,0,1,1
17,1278,1,1,1
17,1282,1,1,1
17,1286,0,1,1
17,1290,0,1,1
17,1294,1,1,1
17,1298,1,1,1
17,1302,0,1,1
17,1306,0,1,1
17,1310,1,1,1
17,1314,1,1,1
17,1318,0,1,1
17,1322,0,1,1
17,1330,1,1,1
17,1334,0,1,1
17,1338,0,1,1
17,1342,1,1,1
17,1346,1,1,1
17,1350,0,1,1
17,1354,0,1,1
17,1358,1,1,1
17,1362,1,1,1
17,1366,0,1,1
17,1370,0,1,1
17,1374,1,1,1
17,1378,1,1,1
17,1382,0,1,1
17,1386,0,1,1
17,1390,1,1,1
17,1398,0,1,1
17,1402,0,1,1
17,1406,1,1,1
17,1410,1,1,1
17,1414,0,1,1
17,1418,0,1,1
17,1422,1,1,1
17,1426,1,1,1
17,1430,0,1,1
17,1434,0,1,1
17,1438,1,1,1
17,1442,1,1,1
17,1446,0,1,1
17,1450,0,1,1
17,1454,1,1,1
17,1458,1,1,1
17,1466,0,1,1
17,1470,1,1,1
17,1474,1,1,1
17,1478,0,1,1
17,1482,0,1,1
17,1486,1,0,1
17,1490,1,1,1
17,1494,0,0,0
17,1498,0,1,1
17,1502,1,1,1
17,1506,1,1,1
17,1510,0,1,1
17,1514,0,1,1
17,1518,0,1,1
17,1522,1,1,1
17,1526,0,1,1
17,1534,1,1,1
17,1538,1,1,1
17,1542,0,1,1
17,1546,0,1,1
17,1550,1,1,1
17,1554,1,1,1
17,1558,0,1,1
17,1562,0,1,1
17,1566,1,1,1
17,1570,1,1,1
17,1574,0,1,1
17,1578,0,1,1
17,1582,1,1,1
17,1586,1,1,1
17,1590,0,1,1
17,1594,0,1,1
17,1602,1,1,1
17,1606,0,1,1
17,1610,0,1,1
17,1614,1,1,1
17,1618,1,1,1
17,1622,0,1,1
17,1626,0,1,1
17,1630,1,1,1
17,1634,1,1,1
17,1638,0,1,1
17,1642,0,1,1
17,1646,1,1,1
17,1650,1,1,1
17,1654,0,1,1
17,1658,0,1,1
17,1662,1,1,1
17,1670,0,1,1
17,1674,0,1,1
17,1678,1,1,1
17,1682,1,1,1
17,1686,0,1,1
17,1690,0,1,1
17,1694,1,1,1
17,1698,1,0,1
17,1702,0,1,1
17,1706,0,1,1
17,1710,1,1,1
17,1714,1,1,1
17,1718,0,1,1
17,1722,0,0,0
17,1726,1,1,1
17,1730,1,1,1
17,1738,0,1,1
17,1742,1,1,1
17,1746,1,1,1
17,1750,0,1,1
17,1754,0,1,1
17,1758,1,1,1
17,1762,1,1,1
17,1766,0,1,1
17,1770,0,1,1
17,1774,1,1,1
17,1778,1,1,1
17,1782,0,1,1
17,1786,0,1,1
17,1790,1,1,1
17,1794,1,1,1
17,1798,0,1,1
17,1806,0,1,1
17,1810,1,1,1
17,1814,0,1,1
17,1818,0,1,1
17,1822,1,0,1
17,1826,1,1,1
17,1830,0,1,1
17,1834,0,1,1
17,1838,1,1,1
17,1842,1,1,1
17,1846,0,1,1
17,1850,0,1,1
17,1854,1,1,1
17,1858,1,1,1
17,1862,0,1,1
17,1866,0,1,1
17,1874,1,1,1
17,1878,0,1,1
17,1882,0,1,1
17,1886,1,1,1
17,1890,1,0,1
17,1894,0,1,1
17,1898,0,1,1
17,1902,1,1,1
17,1906,1,1,1
17,1910,0,1,1
17,1914,0,0,0
17,1918,1,1,1
17,1922,1,1,1
17,1926,0,1,1
17,1930,0,1,1
17,1934,1,0,1
17,1942,0,1,1
17,1946,0,1,1
17,1950,1,0,1
17,1954,1,1,1
17,1958,0,1,1
17,1962,0,1,1
17,1966,1,1,1
17,1970,1,1,1
17,1974,0,1,1
17,1978,0,1,1
17,1982,1,1,1
17,1986,1,1,1
17,1990,0,1,1
17,1994,0,1,1
17,1998,1,1,1
17,2002,1,0,1
17,2010,0,1,1
17,2014,1,1,1
17,2018,1,1,1
17,2022,0,1,1
17,2026,0,1,1
17,2030,1,1,1
17,2034,1,1,1
17,2038,0,1,1
17,2042,0,0,0
17,2046,1,0,1
17,2050,1,1,1
17,2054,0,1,1
17,2058,0,1,1
17,2062,1,1,1
17,2066,1,1,1
17,2070,0,1,1
17,2078,1,0,1
17,2082,1,1,1
17,2086,0,1,1
17,2090,0,1,1
17,2094,1,1,1
17,2098,1,1,1
17,2102,0,1,1
17,2106,0,1,1
17,2110,1,1,1
17,2114,1,1,1
17,2118,0,1,1
17,2122,0,1,1
17,2126,1,1,1
17,2130,1,1,1
17,2134,0,1,1
17,2138,0,1,1
17,2146,1,1,1
17,2150,0,1,1
17,2154,0,1,1
17,2158,1,1,1
17,2162,1,1,1
17,2166,0,1,1
17,2170,0,1,1
17,2174,1,1,1
17,2178,1,1,1
17,2182,0,1,1
17,2186,0,1,1
17,2190,1,1,1
17,2194,1,1,1
17,2198,0,1,1
17,2202,0,1,1
17,2206,1,1,1
17,2214,0,1,1
17,2218,0,1,1
17,2222,1,1,1
17,2226,1,1,1
17,2230,0,1,1
17,2234,0,1,1
17,2238,1,1,1
17,2242,1,1,1
17,2246,0,1,1
17,2250,0,1,1
17,2254,1,1,1
17,2258,1,1,1
17,2262,0,0,0
17,2266,0,1,1
17,2270,1,1,1
17,2274,1,1,1
17,2282,0,1,1
17,2286,0,1,1
17,2290,1,1,1
17,2294,0,1,1
17,2298,0,1,1
17,2302,1,1,1
17,2306,1,0,1
17,2310,0,1,1
17,2314,0,1,1
17,2318,1,1,1
17,2322,1,1,1
17,2326,0,1,1
17,2330,0,1,1
17,2334,1,0,1
17,2338,1,1,1
17,2342,0,1,1
17,2350,1,0,1
17,2354,1,1,1
17,2358,0,1,1
17,2362,0,1,1
17,2366,1,0,1
17,2370,1,1,1
17,2374,0,1,1
17,2378,0,1,1
17,2382,1,1,1
17,2386,1,1,1
17,2390,0,1,1
17,2394,0,1,1
17,2398,1,0,1
17,2402,1,1,1
17,2406,0,1,1
17,2410,0,1,1
17,2418,1,1,1
17,2422,0,1,1
17,2426,0,1,1
17,2430,1,1,1
17,2434,1,1,1
17,2438,0,1,1
17,2442,0,1,1
17,2446,1,1,1
17,2450,1,1,1
17,2454,0,1,1
17,2458,0,1,1
17,2462,1,1,1
17,2466,1,1,1
17,2470,0,1,1
17,2474,0,1,1
17,2478,1,1,1
17,2486,0,1,1
17,2490,0,1,1
17,2494,1,1,1
17,2498,1,1,1
17,2502,0,1,1
17,2506,0,1,1
17,2510,1,1,1
17,2514,1,1,1
17,2518,0,1,1
17,2522,0,1,1
17,2526,1,1,1
17,2530,1,1,1
17,2534,0,1,1
17,2538,0,1,1
17,2542,1,1,1
17,2546,1,1,1
17,2554,0,1,1
17,2558,1,1,1
17,2562,1,1,1
17,2566,0,1,1
17,2570,0,1,1
17,2574,1,1,1
17,2578,1,1,1
17,2582,0,1,1
17,2586,0,1,1
17,2590,1,1,1
17,2594,1,1,1
17,2598,0,1,1
17,2602,0,1,1
17,2606,1,1,1
17,2610,1,1,1
17,2614,0,1,1
17,2622,1,1,1
17,2626,1,1,1
17,2630,0,1,1
17,2634,0,1,1
17,2638,1,1,1
17,2642,1,1,1
17,2646,0,1,1
17,2650,0,1,1
17,2654,1,1,1
17,2658,1,0,1
17,2662,0,1,1
17,2666,0,1,1
17,2670,1,1,1
17,2674,1,1,1
17,2678,0,1,1
17,2682,0,1,1
17,2690,1,1,1
17,2694,0,1,1
17,2698,0,1,1
17,2702,1,1,1
17,2706,1,0,1
17,2710,0,1,1
17,2714,0,1,1
17,2718,1,1,1
17,2722,1,1,1
17,2726,0,1,1
17,2730,0,1,1
17,2734,1,1,1
17,2738,1,1,1
17,2742,0,1,1
17,2746,0,1,1
17,2750,1,1,1
17,2758,0,1,1
17,2762,0,1,1
17,2766,1,1,1
17,2770,1,1,1
17,2774,0,1,1
17,2778,0,1,1
17,2782,1,1,1
17,2786,1,1,1
17,2790,0,1,1
17,2794,0,1,1
17,2798,1,1,1
17,2802,0,1,1
17,2806,0,1,1
17,2810,0,1,1
17,2814,1,1,1
17,2818,1,1,1
17,2826,0,1,1
17,2830,1,1,1
17,2834,1,1,1
17,2838,0,0,0
17,2842,0,0,0
17,2846,1,1,1
17,2850,1,1,1
17,2854,0,1,1
17,2858,0,1,1
17,2862,1,1,1
17,2866,1,0,1
17,2870,0,1,1
17,2874,0,1,1
17,2878,1,1,1
17,2882,1,1,1
17,2886,0,1,1
17,2894,1,1,1
17,2898,1,1,1
17,2902,0,1,1
17,2906,0,1,1
17,2910,1,1,1
17,2914,1,1,1
17,2918,0,1,1
17,2922,0,1,1
17,2926,1,1,1
17,2930,1,1,1
17,2934,0,1,1
17,2938,0,1,1
17,2942,1,1,1
17,2946,1,1,1
17,2950,0,1,1
17,2954,0,1,1
17,2962,1,1,1
17,2966,0,1,1
17,2970,0,1,1
17,2974,1,1,1
17,2978,1,1,1
17,2982,0,1,1
17,2986,0,1,1
17,2990,1,1,1
17,2994,1,1,1
17,2998,0,1,1
17,3002,0,1,1
17,3006,1,1,1
17,3010,1,1,1
17,3014,0,1,1
17,3018,0,1,1
17,3022,1,1,1
17,3030,0,1,1
17,3034,0,1,1
17,3038,1,1,1
17,3042,1,1,1
17,3046,0,1,1
17,3050,0,1,1
17,3054,1,0,1
17,3058,1,1,1
17,3062,0,1,1
17,3066,0,1,1
17,3070,1,1,1
17,3074,1,1,1
17,3078,0,0,0
17,3082,0,1,1
17,3086,1,1,1
17,3090,1,1,1
17,3098,0,1,1
17,3102,1,0,1
17,3106,1,1,1
17,3110,0,1,1
17,3114,0,1,1
17,3118,1,1,1
17,3122,1,1,1
17,3126,0,1,1
17,3130,0,1,1
17,3134,1,1,1
17,3138,1,1,1
17,3142,0,1,1
17,3146,0,1,1
17,3150,0,1,1
17,3154,1,1,1
17,3158,0,1,1
17,3166,1,0,1
17,3170,1,1,1
17,3174,0,1,1
17,3178,0,1,1
17,3182,1,1,1
17,3186,1,1,1
17,3190,0,1,1
17,3194,0,1,1
17,3198,1,1,1
17,3202,1,1,1
17,3206,0,1,1
17,3210,0,1,1
17,3214,1,1,1
17,3218,1,1,1
17,3222,0,1,1
17,3226,0,1,1
17,3234,1,1,1
17,3238,0,1,1
17,3242,0,1,1
17,3246,1,1,1
17,3250,1,1,1
17,3254,0,1,1
17,3258,0,1,1
17,3262,1,1,1
17,3266,1,1,1
17,3270,0,1,1
17,3274,0,1,1
17,3278,1,1,1
17,3282,1,1,1
17,3286,0,1,1
17,3290,0,1,1
17,3294,1,1,1
17,3302,0,1,1
17,3306,0,1,1
17,3310,1,1,1
17,3314,1,1,1
17,3318,0,1,1
17,3322,0,1,1
17,3326,1,1,1
17,3330,1,1,1
17,3334,0,1,1
17,3338,0,1,1
17,3342,1,1,1
17,3346,1,1,1
17,3350,0,1,1
17,3354,0,1,1
17,3358,1,1,1
17,3362,1,1,1
17,3370,0,1,1
17,3374,1,1,1
17,3378,1,1,1
17,3382,0,1,1
17,3386,0,1,1
17,3390,1,1,1
17,3394,1,1,1
17,3398,0,1,1
17,3402,0,1,1
17,3406,1,1,1
17,3410,1,1,1
17,3414,0,1,1
17,3418,0,1,1
17,3422,1,1,1
17,3426,1,1,1
17,3430,0,1,1
17,3438,1,1,1
17,3442,1,1,1
17,3446,0,1,1
17,3450,0,1,1
17,3454,1,1,1
17,3458,1,1,1
17,3462,0,1,1
17,3466,0,1,1
17,3470,1,1,1
17,3474,1,1,1
17,3478,0,1,1
17,3482,0,1,1
17,3486,1,1,1
17,3490,1,1,1
17,3494,0,1,1
17,3498,0,1,1
17,3506,1,1,1
17,3510,0,1,1
17,3514,0,1,1
17,3518,1,1,1
17,3522,1,1,1
17,3526,0,1,1
17,3530,0,1,1
17,3534,1,1,1
17,3538,1,1,1
17,3542,0,1,1
17,3546,0,0,0
17,3550,1,1,1
17,3554,1,1,1
17,3558,0,1,1
17,3562,0,1,1
17,3566,1,1,1
17,3574,0,1,1
17,3578,0,1,1
17,3582,1,1,1
17,3586,1,1,1
17,3590,0,1,1
17,3594,0,1,1
17,3598,1,1,1
17,3602,0,1,1
17,3606,0,1,1
17,3610,0,1,1
17,3614,1,1,1
17,3618,1,1,1
17,3622,0,1,1
17,3626,0,1,1
17,3630,1,1,1
17,3634,1,1,1
17,3642,0,0,0
17,3646,1,1,1
17,3650,1,1,1
17,3654,0,1,1
17,3658,0,1,1
17,3662,1,1,1
17,3666,1,1,1
17,3670,0,1,1
17,3674,0,1,1
17,3678,1,1,1
17,3682,1,1,1
17,3686,0,1,1
17,3690,0,1,1
17,3694,1,1,1
17,3698,1,1,1
17,3702,0,1,1
17,3710,1,1,1
17,3714,1,1,1
17,3718,0,1,1
17,3722,0,1,1
17,3726,1,1,1
17,3730,1,1,1
17,3734,0,0,0
17,3738,0,1,1
17,3742,1,1,1
17,3746,1,1,1
17,3750,0,1,1
17,3754,0,1,1
17,3758,1,1,1
17,3762,1,0,1
17,3766,0,1,1
17,3770,0,1,1
17,3778,1,1,1
17,3782,0,1,1
17,3786,0,1,1
17,3790,1,1,1
17,3794,1,1,1
17,3798,0,1,1
17,3802,0,1,1
17,3806,1,1,1
17,3810,1,1,1
17,3814,0,1,1
17,3818,0,1,1
17,3822,1,1,1
17,3826,1,1,1
17,3830,0,1,1
17,3834,0,1,1
17,3838,1,1,1
17,3846,0,0,0
17,3850,0,1,1
17,3854,1,1,1
17,3858,1,1,1
17,3862,0,1,1
17,3866,0,1,1
17,3870,1,1,1
17,3874,1,1,1
17,3878,0,1,1
17,3882,0,1,1
17,3886,1,1,1
17,3890,1,1,1
17,3894,0,1,1
17,3898,0,1,1
17,3902,1,1,1
17,3906,1,1,1
17,3914,0,1,1
17,3918,1,0,1
17,3922,1,1,1
17,3926,0,1,1
17,3930,0,1,1
17,3934,1,1,1
17,3938,1,1,1
17,3942,0,1,1
17,3946,0,1,1
17,3950,1,1,1
17,3954,1,1,1
17,3958,0,1,1
17,3962,0,1,1
17,3966,1,1,1
17,3970,1,1,1
17,3974,0,1,1
17,3982,1,1,1
17,3986,1,1,1
17,3990,0,1,1
17,3994,0,1,1
17,3998,1,1,1
17,4002,1,1,1
17,4006,0,1,1
17,4010,0,1,1
17,4014,1,1,1
17,4018,1,1,1
17,4022,0,0,0
17,4026,0,1,1
17,4030,1,1,1
17,4034,1,1,1
17,4038,0,1,1
17,4042,0,1,1
17,4050,1,1,1
17,4054,0,1,1
17,4058,0,1,1
17,4062,1,1,1
17,4066,1,1,1
17,4070,0,1,1
17,4074,0,1,1
17,4078,1,1,1
17,4082,1,1,1
17,4086,0,1,1
17,4090,0,1,1
17,4094,1,1,1
17,4098,1,1,1
17,4102,0,1,1
17,4106,0,1,1
17,4110,1,1,1
17,4118,0,1,1
17,4122,0,1,1
17,4126,1,1,1
17,4130,1,1,1
17,4134,0,0,0
17,4138,0,1,1
17,4142,1,1,1
17,4146,1,1,1
17,4150,0,0,0
17,4154,0,0,0
17,4158,1,0,1
17,4162,1,1,1
17,4166,0,1,1
17,4170,0,1,1
17,4174,1,1,1
17,4178,1,1,1
17,4186,0,1,1
17,4190,1,1,1
17,4194,1,1,1
17,4198,0,1,1
17,4202,0,1,1
17,4206,0,1,1
17,4210,1,1,1
17,4214,0,1,1
17,4218,0,1,1
17,4222,1,0,1
17,4226,1,1,1
17,4230,0,1,1
17,4234,0,1,1
17,4238,1,1,1
17,4242,1,1,1
17,4246,0,1,1
17,4254,1,1,1
17,4258,1,1,1
17,4262,0,1,1
17,4266,0,1,1
17,4270,1,1,1
17,4274,1,1,1
17,4278,0,1,1
17,4282,0,1,1
17,4286,1,1,1
17,4290,1,1,1
17,4294,0,1,1
17,4298,0,1,1
17,4302,1,1,1
17,4306,1,1,1
17,4310,0,1,1
17,4314,0,1,1
17,4322,1,1,1
17,4326,0,1,1
17,4330,0,1,1
17,4334,1,1,1
17,4338,1,0,1
17,4342,0,1,1
17,4346,0,1,1
17,4350,1,1,1
17,4354,1,0,1
17,4358,0,1,1
17,4362,0,1,1
17,4366,1,1,1
17,4370,1,1,1
17,4374,0,1,1
17,4378,0,1,1
17,4382,1,1,1
17,4390,0,1,1
17,4394,0,1,1
17,4398,1,1,1
17,4402,1,1,1
17,4406,0,1,1
17,4410,0,1,1
17,4414,1,1,1
17,4418,1,1,1
17,4422,0,1,1
17,4426,0,1,1
17,4430,1,1,1
17,4434,0,1,1
17,4438,0,0,0
17,4442,0,0,0
17,4446,1,1,1
17,4450,1,1,1
17,4458,0,1,1
17,4462,1,1,1
17,4466,1,1,1
17,4470,0,1,1
17,4474,0,1,1
17,4478,1,1,1
17,4482,1,1,1
17,4486,0,1,1
17,4490,0,1,1
17,4494,1,1,1
17,4498,1,1,1
17,4502,0,1,1
17,4506,0,1,1
17,4510,1,1,1
17,4514,1,1,1
17,4518,0,0,0
17,4526,1,1,1
17,4530,1,1,1
17,4534,0,1,1
17,4538,0,1,1
17,4542,1,1,1
17,4546,1,1,1
17,4550,0,1,1
17,4554,0,1,1
17,4558,1,1,1
17,4562,0,0,0
17,4566,0,1,1
17,4570,0,1,1
17,4574,1,1,1
17,4578,1,1,1
17,4582,0,1,1
17,4586,0,1,1
17,4594,1,1,1
17,4598,0,1,1
17,4602,0,0,0
17,4606,1,1,1
17,4610,1,1,1
17,4614,0,1,1
17,4618,0,1,1
17,4622,1,1,1
17,4626,1,1,1
17,4630,0,1,1
17,4634,0,1,1
17,4638,1,1,1
17,4642,1,1,1
17,4646,0,1,1
17,4650,0,0,0
17,4654,1,1,1
17,4662,0,1,1
17,4666,0,1,1
17,4670,1,1,1
17,4674,1,1,1
17,4678,0,1,1
17,4682,0,1,1
17,4686,0,1,1
17,4690,1,0,1
17,4694,0,1,1
17,4698,0,1,1
17,4702,1,1,1
17,4706,1,1,1
17,4710,0,1,1
17,4714,0,1,1
17,4718,1,1,1
17,4722,0,0,0
17,4730,0,1,1
17,4734,1,1,1
17,4738,1,1,1
17,4742,0,1,1
17,4746,0,1,1
17,4750,1,1,1
17,4754,1,1,1
17,4758,0,1,1
17,4762,0,1,1
17,4766,1,1,1
17,4770,1,1,1
17,4774,0,1,1
17,4778,0,1,1
17,4782,1,1,1
17,4786,1,1,1
17,4790,0,1,1
17,4798,1,1,1
17,4802,1,1,1
17,4806,0,1,1
17,4810,0,1,1
17,4814,1,1,1
17,4818,1,1,1
17,4822,0,1,1
17,4826,0,1,1
17,4830,1,1,1
17,4834,1,1,1
17,4838,0,1,1
17,4842,0,1,1
17,4846,1,1,1
17,4850,1,1,1
17,4854,0,1,1
17,4858,0,1,1
17,4866,1,1,1
17,4870,0,1,1
17,4874,0,1,1
17,4878,1,1,1
17,4882,0,1,1
17,4886,0,1,1
17,4890,0,1,1
17,4894,1,1,1
17,4898,1,1,1
17,4902,0,1,1
17,4906,0,1,1
17,4910,1,1,1
17,4914,1,1,1
17,4918,0,1,1
17,4922,0,1,1
17,4926,1,1,1
17,4934,0,1,1
17,4938,0,1,1
17,4942,1,1,1
17,4946,1,1,1
17,4950,0,1,1
17,4954,0,1,1
17,4958,1,1,1
17,4962,1,1,1
17,4966,0,1,1
17,4970,0,1,1
17,4974,1,1,1
17,4978,1,1,1
17,4982,0,1,1
17,4986,0,1,1
17,4990,1,1,1
17,4994,1,1,1
17,5002,0,1,1
17,5006,1,1,1
17,5010,1,1,1
17,5014,0,1,1
17,5018,0,1,1
17,5022,1,1,1
17,5026,1,1,1
17,5030,0,1,1
17,5034,0,1,1
17,5038,1,1,1
17,5042,1,1,1
17,5046,0,1,1
17,5050,0,1,1
17,5054,1,1,1
17,5058,1,1,1
17,5062,0,1,1
17,5070,1,1,1
17,5074,1,1,1
17,5078,0,1,1
17,5082,0,1,1
17,5086,1,1,1
17,5090,1,1,1
17,5094,0,0,0
17,5098,0,1,1
17,5102,0,0,0
17,5106,1,1,1
17,5110,0,1,1
17,5114,0,1,1
17,5118,1,1,1
17,5122,1,1,1
17,5126,0,1,1
17,5130,0,1,1
17,5138,1,1,1
17,5142,0,0,0
17,5146,0,1,1
17,5150,1,1,1
17,5154,1,1,1
17,5158,0,1,1
17,5162,0,1,1
17,5166,1,1,1
17,5170,1,1,1
17,5174,0,1,1
17,5178,0,1,1
17,5182,1,1,1
17,5186,1,1,1
17,5190,0,0,0
17,5194,0,1,1
17,5198,1,1,1
17,5206,0,1,1
17,5210,0,1,1
17,5214,1,1,1
17,5218,1,1,1
17,5222,0,1,1
17,5226,0,1,1
17,5230,1,1,1
17,5234,1,1,1
17,5238,0,1,1
17,5242,0,1,1
17,5246,1,1,1
17,5250,1,1,1
17,5254,0,1,1
17,5258,0,1,1
17,5262,1,1,1
17,5266,1,1,1
17,5274,0,0,0
17,5278,1,1,1
17,5282,1,1,1
17,5286,0,1,1
17,5290,0,1,1
17,5294,1,1,1
17,5298,0,1,1
17,5302,0,0,0
17,5306,0,1,1
17,5310,1,1,1
17,5314,1,1,1
17,5318,0,1,1
17,5322,0,1,1
17,5326,1,1,1
17,5330,1,1,1
17,5334,0,1,1
17,5342,1,1,1
17,5346,1,1,1
17,5350,0,1,1
17,5354,0,1,1
17,5358,1,1,1
17,5362,1,1,1
17,5366,0,1,1
17,5370,0,1,1
17,5374,1,1,1
17,5378,1,1,1
17,5382,0,1,1
17,5386,0,1,1
17,5390,1,1,1
17,5394,1,1,1
17,5398,0,1,1
17,5402,0,1,1
17,5410,1,1,1
17,5414,0,1,1
17,5418,0,0,0
17,5422,1,1,1
17,5426,1,1,1
17,5430,0,0,0
17,5434,0,1,1
17,5438,1,1,1
17,5442,1,1,1
17,5446,0,1,1
17,5450,0,1,1
17,5454,1,1,1
17,5458,1,1,1
17,5462,0,1,1
17,5466,0,1,1
17,5470,1,1,1
17,5478,0,1,1
17,5482,0,1,1
17,5486,1,1,1
17,5490,1,1,1
17,5494,0,1,1
17,5498,0,1,1
17,5502,1,1,1
17,5506,1,1,1
17,5510,0,1,1
17,5514,0,1,1
17,5518,1,1,1
17,5522,1,1,1
17,5526,0,1,1
17,5530,0,1,1
17,5534,1,1,1
17,5538,1,1,1
17,5546,0,1,1
17,5550,1,1,1
17,5554,1,0,1
17,5558,0,1,1
17,5562,0,1,1
17,5566,1,1,1
17,5570,1,1,1
17,5574,0,1,1
17,5578,0,1,1
17,5582,1,1,1
17,5586,1,0,1
17,5590,0,1,1
17,5594,0,1,1
17,5598,1,1,1
17,5602,1,1,1
17,5606,0,1,1
17,5614,1,1,1
17,5618,1,1,1
17,5622,0,1,1
17,5626,0,1,1
17,5630,1,1,1
17,5634,1,0,1
17,5638,0,1,1
17,5642,0,1,1
17,5646,1,1,1
17,5650,1,1,1
17,5654,0,1,1
17,5658,0,0,0
17,5662,1,1,1
17,5666,1,1,1
17,5670,0,1,1
17,5674,0,1,1
17,5682,1,1,1
17,5686,0,1,1
17,5690,0,1,1
17,5694,1,1,1
17,5698,1,1,1
17,5702,0,1,1
17,5706,0,1,1
17,5710,1,1,1
17,5714,1,1,1
17,5718,0,1,1
17,5722,0,1,1
17,5726,1,1,1
17,5730,1,1,1
17,5734,0,1,1
17,5738,0,1,1
17,5742,1,1,1
17,5750,0,1,1
17,5754,0,0,0
17,5758,1,1,1
17,5762,1,1,1
17,5766,0,1,1
17,5770,0,1,1
17,5774,1,1,1
17,5778,1,1,1
17,5782,0,1,1
17,5786,0,1,1
17,5790,1,1,1
17,5794,1,1,1
17,5798,0,0,0
17,5802,0,1,1
17,5806,1,1,1
17,5810,1,1,1
17,5818,0,1,1
17,5822,1,0,1
17,5826,1,1,1
17,5830,0,1,1
17,5834,0,1,1
17,5838,1,0,1
17,5842,1,1,1
17,5846,0,1,1
17,5850,0,1,1
17,5854,1,1,1
17,5858,1,1,1
17,5862,0,1,1
17,5866,0,1,1
17,5870,1,1,1
17,5874,1,1,1
17,5878,0,1,1
17,5886,1,1,1
17,5890,1,1,1
17,5894,0,1,1
17,5898,0,1,1
17,5902,1,1,1
17,5906,1,1,1
17,5910,0,1,1
17,5914,0,1,1
17,5918,1,1,1
17,5922,1,1,1
17,5926,0,1,1
17,5930,0,1,1
17,5934,1,1,1
17,5938,1,1,1
17,5942,0,1,1
17,5946,0,1,1
17,5954,1,1,1
17,5958,0,1,1
17,5962,0,1,1
17,5966,1,1,1
17,5970,1,1,1
17,5974,0,1,1
17,5978,0,1,1
17,5982,1,0,1
17,5986,1,1,1
17,5990,0,1,1
17,5994,0,1,1
17,5998,1,1,1
17,6002,1,1,1
17,6006,0,1,1
17,6010,0,1,1
17,6014,1,1,1
17,6022,0,1,1
17,6026,0,1,1
17,6030,1,1,1
17,6034,1,1,1
17,6038,0,1,1
17,6042,0,1,1
17,6046,1,1,1
17,6050,1,1,1
17,6054,0,1,1
17,6058,0,0,0
17,6062,1,1,1
17,6066,0,1,1
17,6070,0,1,1
17,6074,0,1,1
17,6078,1,0,1
17,6082,1,1,1
17,6090,0,1,1
17,6094,1,1,1
17,6098,1,1,1
17,6102,0,1,1
17,6106,0,1,1
17,6110,1,1,1
17,6114,1,1,1
17,6118,0,1,1
17,6122,0,1,1
17,6126,1,1,1
17,6130,1,1,1
17,6134,0,1,1
17,6138,0,1,1
17,6142,1,1,1
17,6146,1,1,1
17,6150,0,1,1
17,6158,1,1,1
17,6162,1,1,1
17,6166,0,1,1
17,6170,0,1,1
17,6174,1,1,1
17,6178,1,1,1
17,6182,0,1,1
17,6186,0,1,1
17,6190,1,1,1
17,6194,1,1,1
17,6198,0,1,1
17,6202,0,1,1
17,6206,1,1,1
17,6210,1,1,1
17,6214,0,1,1
17,6218,0,1,1
17,6226,1,1,1
17,6230,0,1,1
17,6234,0,1,1
17,6238,1,1,1
17,6242,1,1,1
17,6246,0,1,1
17,6250,0,1,1
17,6254,1,1,1
17,6258,1,1,1
17,6262,0,1,1
17,6266,0,1,1
17,6270,1,1,1
17,6274,1,1,1
17,6278,0,1,1
17,6282,0,1,1
17,6286,1,1,1
17,6294,0,1,1
17,6298,0,1,1
17,6302,1,1,1
17,6306,1,1,1
17,6310,0,1,1
17,6314,0,1,1
17,6318,1,1,1
17,6322,1,1,1
17,6326,0,1,1
17,6330,0,1,1
17,6334,1,1,1
17,6338,1,1,1
17,6342,0,1,1
17,6346,0,1,1
17,6350,1,1,1
17,6354,1,0,1
17,6362,0,1,1
17,6366,1,1,1
17,6370,1,1,1
17,6374,0,1,1
17,6378,0,1,1
17,6382,1,0,1
17,6386,1,1,1
17,6390,0,1,1
17,6394,0,1,1
17,6398,1,1,1
17,6402,1,0,1
17,6406,0,1,1
17,6410,0,1,1
17,6414,1,1,1
17,6418,1,1,1
17,6422,0,1,1
17,6430,1,1,1
17,6434,1,1,1
17,6438,0,1,1
17,6442,0,1,1
17,6446,1,1,1
17,6450,1,1,1
17,6454,0,1,1
17,6458,0,1,1
17,6462,1,1,1
17,6466,1,1,1
17,6470,0,1,1
17,6474,0,1,1
17,6478,1,1,1
17,6482,1,1,1
17,6486,0,1,1
17,6490,0,1,1
17,6498,1,1,1
17,6502,0,1,1
17,6506,0,1,1
17,6510,1,1,1
17,6514,1,1,1
17,6518,0,1,1
17,6522,0,1,1
17,6526,1,1,1
17,6530,1,1,1
17,6534,0,1,1
17,6538,0,0,0
17,6542,1,1,1
17,6546,0,1,1
17,6550,0,1,1
17,6554,0,1,1
17,6558,1,1,1
17,6566,0,1,1
17,6570,0,1,1
17,6574,1,1,1
17,6578,0,1,1
17,6582,0,1,1
17,6586,0,1,1
17,6590,1,1,1
17,6594,1,1,1
17,6598,0,1,1
17,6602,0,1,1
17,6606,1,1,1
17,6610,0,1,1
17,6614,0,1,1
17,6618,0,1,1
17,6622,1,1,1
17,6626,1,1,1
17,6634,0,1,1
17,6638,1,0,1
17,6642,1,1,1
17,6646,0,1,1
17,6650,0,1,1
17,6654,1,1,1
17,6658,1,1,1
17,6662,0,1,1
17,6666,0,1,1
17,6670,1,1,1
17,6674,1,1,1
17,6678,0,1,1
17,6682,0,1,1
17,6686,1,1,1
17,6690,1,1,1
17,6694,0,1,1
17,6702,1,1,1
17,6706,1,1,1
17,6710,0,1,1
17,6714,0,1,1
17,6718,1,1,1
17,6722,1,1,1
17,6726,0,0,0
17,6730,0,1,1
17,6734,1,1,1
17,6738,1,1,1
17,6742,0,1,1
17,6746,0,1,1
17,6750,1,1,1
17,6754,1,1,1
17,6758,0,0,0
17,6762,0,0,0
17,6770,1,1,1
17,6774,0,1,1
17,6778,0,1,1
17,6782,1,1,1
17,6786,1,1,1
17,6790,0,1,1
17,6794,0,1,1
17,6798,1,1,1
17,6802,0,1,1
17,6806,0,1,1
17,6810,0,1,1
17,6814,1,1,1
17,6818,1,1,1
17,6822,0,1,1
17,6826,0,1,1
17,6830,1,1,1
17,6838,0,1,1
17,6842,0,1,1
17,6846,1,1,1
17,6850,1,1,1
17,6854,0,1,1
17,6858,0,1,1
17,6862,1,1,1
17,6866,1,0,1
17,6870,0,1,1
17,6874,0,1,1
17,6878,1,1,1
17,6882,1,1,1
17,6886,0,1,1
17,6890,0,1,1
17,6894,1,1,1
17,6898,1,1,1
17,6906,0,1,1
17,6910,1,1,1
17,6914,1,1,1
17,6918,0,0,0
17,6922,0,1,1
17,6926,1,1,1
17,6930,0,1,1
17,6934,0,1,1
17,6938,0,1,1
17,6942,1,1,1
17,6946,1,1,1
17,6950,0,1,1
17,6954,0,0,0
17,6958,1,0,1
17,6962,1,1,1
17,6966,0,1,1
17,6974,1,1,1
17,6978,1,1,1
17,6982,0,1,1
17,6986,0,1,1
17,6990,1,1,1
17,6994,1,1,1
17,6998,0,1,1
17,7002,0,1,1
17,7006,1,1,1
17,7010,1,1,1
17,7014,0,1,1
17,7018,0,1,1
17,7022,1,1,1
17,7026,1,1,1
17,7030,0,1,1
17,7034,0,1,1
17,7042,1,1,1
17,7046,0,1,1
17,7050,0,1,1
17,7054,1,1,1
17,7058,1,1,1
17,7062,0,1,1
17,7066,0,1,1
17,7070,1,1,1
17,7074,1,1,1
17,7078,0,1,1
17,7082,0,0,0
17,7086,1,1,1
17,7090,1,1,1
17,7094,0,1,1
17,7098,0,0,0
17,7102,0,1,1
17,7110,0,1,1
17,7114,0,1,1
17,7118,1,1,1
17,7122,1,1,1
17,7126,0,1,1
17,7130,0,1,1
17,7134,1,1,1
17,7138,1,1,1
17,7142,0,1,1
17,7146,0,1,1
17,7150,1,1,1
17,7154,1,1,1
17,7158,0,1,1
17,7162,0,1,1
17,7166,1,1,1
17,7170,1,1,1
17,7178,0,1,1
17,7182,1,1,1
17,7186,1,1,1
17,7190,0,0,0
17,7194,0,0,0
17,7198,1,1,1
17,7202,1,1,1
17,7206,0,1,1
17,7210,0,1,1
17,7214,1,1,1
17,7218,0,1,1
17,7222,0,1,1
17,7226,0,1,1
17,7230,1,0,1
17,7234,1,1,1
17,7238,0,1,1
17,7246,1,1,1
17,7250,1,0,1
17,7254,0,1,1
17,7258,0,1,1
17,7262,1,1,1
17,7266,1,1,1
17,7270,0,1,1
17,7274,0,1,1
17,7278,1,1,1
17,7282,1,1,1
17,7286,0,1,1
17,7290,0,1,1
17,7294,1,1,1
17,7298,1,1,1
17,7302,0,0,0
17,7306,0,1,1
17,7314,1,1,1
17,7318,0,1,1
17,7322,0,1,1
17,7326,1,0,1
17,7330,1,1,1
17,7334,0,0,0
17,7338,0,1,1
17,7342,1,1,1
17,7346,1,1,1
17,7350,0,1,1
17,7354,0,1,1
17,7358,1,1,1
17,7362,1,1,1
17,7366,0,1,1
17,7370,0,1,1
17,7374,1,1,1
17,7382,0,1,1
17,7386,0,0,0
17,7390,1,1,1
17,7394,1,1,1
17,7398,0,1,1
17,7402,0,1,1
17,7406,1,1,1
17,7410,1,1,1
17,7414,0,1,1
17,7418,0,1,1
17,7422,1,1,1
17,7426,1,1,1
17,7430,0,1,1
17,7434,0,1,1
17,7438,1,1,1
17,7442,1,1,1
17,7450,0,1,1
17,7454,1,1,1
17,7458,1,1,1
17,7462,0,1,1
17,7466,0,1,1
17,7470,1,1,1
17,7474,1,1,1
17,7478,0,1,1
17,7482,0,1,1
17,7486,1,1,1
17,7490,1,1,1
17,7494,0,1,1
17,7498,0,1,1
17,7502,1,1,1
17,7506,0,1,1
17,7510,0,1,1
17,7518,1,0,1
17,7522,1,1,1
17,7526,0,1,1
17,7530,0,1,1
17,7534,1,1,1
17,7538,1,1,1
17,7542,0,0,0
17,7546,0,1,1
17,7550,1,1,1
17,7554,1,1,1
17,7558,0,1,1
17,7562,0,1,1
17,7566,1,1,1
17,7570,1,1,1
17,7574,0,1,1
17,7578,0,0,0
17,7586,1,1,1
17,7590,0,1,1
17,7594,0,1,1
17,7598,1,1,1
17,7602,0,0,0
17,7606,0,1,1
17,7610,0,1,1
17,7614,1,1,1
17,7618,1,1,1
17,7622,0,1,1
17,7626,0,1,1
17,7630,1,1,1
17,7634,1,1,1
17,7638,0,1,1
17,7642,0,1,1
17,7646,1,1,1
17,7654,0,1,1
17,7658,0,0,0
17,7662,1,0,1
17,7666,1,1,1
17,7670,0,1,1
17,7674,0,1,1
17,7678,1,1,1
17,7682,1,0,1
17,7686,0,0,0
17,7690,0,1,1
17,7694,1,0,1
17,7698,1,0,1
17,7702,0,1,1
17,7706,0,1,1
17,7710,1,1,1
17,7714,1,1,1
17,7722,0,1,1
17,7726,1,1,1
17,7730,1,1,1
17,7734,0,1,1
17,7738,0,1,1
17,7742,1,1,1
17,7746,1,1,1
17,7750,0,1,1
17,7754,0,1,1
17,7758,1,0,1
17,7762,0,1,1
17,7766,0,1,1
17,7770,0,1,1
17,7774,1,1,1
17,7778,1,1,1
17,7782,0,1,1
17,7790,1,1,1
17,7794,1,1,1
17,7798,0,1,1
17,7802,0,1,1
17,7806,1,1,1
17,7810,1,1,1
17,7814,0,1,1
17,7818,0,1,1
17,7822,0,1,1
17,7826,1,1,1
17,7830,0,1,1
17,7834,0,1,1
17,7838,1,1,1
17,7842,1,1,1
17,7846,0,1,1
17,7850,0,1,1
17,7858,1,1,1
17,7862,0,1,1
17,7866,0,1,1
17,7870,1,0,1
17,7874,1,1,1
17,7878,0,1,1
17,7882,0,0,0
17,7886,1,0,1
17,7890,1,1,1
17,7894,0,0,0
17,7898,0,1,1
17,7902,1,1,1
17,7906,1,1,1
17,7910,0,1,1
17,7914,0,0,0
17,7918,1,1,1
17,7926,0,1,1
17,7930,0,1,1
17,7934,1,1,1
17,7938,1,0,1
17,7942,0,0,0
17,7946,0,0,0
17,7950,1,1,1
17,7954,1,1,1
17,7958,0,1,1
17,7962,0,0,0
17,7966,1,1,1
17,7970,1,1,1
17,7974,0,0,0
17,7978,0,1,1
17,7982,1,1,1
17,7986,1,0,1
17,7994,0,1,1
17,7998,1,1,1
17,8002,1,1,1
17,8006,0,1,1
17,8010,0,0,0
17,8014,1,1,1
17,8018,1,1,1
17,8022,0,1,1
17,8026,0,1,1
17,8030,1,1,1
17,8034,1,1,1
17,8038,0,1,1
17,8042,0,1,1
17,8046,1,1,1
17,8050,1,0,1
17,8054,0,1,1
17,8062,1,1,1
17,8066,1,1,1
17,8070,0,1,1
17,8074,0,1,1
17,8078,1,1,1
17,8082,1,1,1
17,8086,0,1,1
17,8090,0,1,1
17,8094,1,1,1
17,8098,1,1,1
17,8102,0,1,1
17,8106,0,1,1
17,8110,1,0,1
17,8114,1,1,1
17,8118,0,1,1
17,8122,0,1,1
17,8130,1,1,1
17,8134,0,1,1
17,8138,0,1,1
17,8142,1,0,1
17,8146,1,1,1
17,8150,0,1,1
17,8154,0,1,1
17,8158,1,1,1
17,8162,1,1,1
17,8166,0,0,0
17,8170,0,1,1
17,8174,1,1,1
17,8178,1,1,1
17,8182,0,1,1
17,8186,0,1,1
17,8190,1,1,1
17,8198,0,0,0
17,8202,0,1,1
17,8206,1,1,1
17,8210,1,1,1
17,8214,0,1,1
17,8218,0,1,1
17,8222,1,0,1
17,8226,1,1,1
17,8230,0,0,0
17,8234,0,0,0
17,8238,1,1,1
17,8242,1,1,1
17,8246,0,1,1
17,8250,0,1,1
17,8254,1,1,1
17,8258,1,1,1
17,8266,0,1,1
17,8270,1,1,1
17,8274,1,1,1
17,8278,0,1,1
17,8282,0,1,1
17,8286,1,0,1
17,8290,1,0,1
17,8294,0,1,1
17,8298,0,0,0
17,8302,0,1,1
17,8306,1,1,1
17,8310,0,1,1
17,8314,0,1,1
17,8318,1,1,1
17,8322,1,1,1
17,8326,0,1,1
17,8334,1,1,1
17,8338,1,0,1
17,8342,0,1,1
17,8346,0,1,1
17,8350,1,1,1
17,8354,1,1,1
17,8358,0,0,0
17,8362,0,1,1
17,8366,1,0,1
17,8370,0,1,1
17,8374,0,1,1
17,8378,0,0,0
17,8382,1,1,1
17,8386,1,1,1
17,8390,0,1,1
17,8394,0,1,1
17,8402,1,0,1
17,8406,0,1,1
17,8410,0,1,1
17,8414,1,1,1
17,8418,1,1,1
17,8422,0,1,1
17,8426,0,1,1
17,8430,1,1,1
17,8434,0,0,0
17,8438,0,1,1
17,8442,0,1,1
17,8446,1,1,1
17,8450,1,1,1
17,8454,0,1,1
17,8458,0,0,0
17,8462,1,1,1
17,8470,0,0,0
17,8474,0,1,1
17,8478,1,1,1
17,8482,1,1,1
17,8486,0,1,1
17,8490,0,0,0
17,8494,1,1,1
17,8498,1,1,1
17,8502,0,0,0
17,8506,0,1,1
17,8510,1,1,1
17,8514,1,0,1
17,8518,0,1,1
17,8522,0,0,0
17,8526,0,1,1
17,8530,1,1,1
17,8538,0,1,1
17,8542,1,1,1
17,8546,1,1,1
17,8550,0,1,1
17,8554,0,1,1
17,8558,0,1,1
17,8562,0,1,1
17,8566,0,1,1
17,8570,0,1,1
17,8574,1,0,1
17,8578,0,1,1
17,8582,0,1,1
17,8586,0,1,1
17,8590,1,1,1
17,8594,0,1,1
17,8598,0,1,1
17,8606,1,1,1
17,8610,1,1,1
17,8614,0,0,0
17,8618,0,1,1
17,8622,0,0,0
17,8626,1,1,1
17,8630,0,1,1
17,8634,0,1,1
17,8638,1,1,1
17,8642,1,1,1
17,8646,0,1,1
17,8650,0,1,1
17,8654,1,1,1
17,8658,1,1,1
17,8662,0,1,1
17,8666,0,1,1
17,8674,1,1,1
17,8678,0,1,1
17,8682,0,1,1
17,8686,1,1,1
17,8690,1,1,1
17,8694,0,1,1
17,8698,0,1,1
17,8702,1,0,1
17,8706,1,1,1
17,8710,0,1,1
17,8714,0,1,1
17,8718,0,1,1
17,8722,1,1,1
17,8726,0,1,1
17,8730,0,1,1
17,8734,1,0,1
17,8742,0,1,1
17,8746,0,1,1
17,8750,1,1,1
17,8754,0,1,1
17,8758,0,1,1
17,8762,0,1,1
17,8766,1,1,1
17,8770,1,1,1
17,8774,0,0,0
17,8778,0,0,0
17,8782,1,1,1
17,8786,1,1,1
17,8790,0,1,1
17,8794,0,1,1
17,8798,1,1,1
17,8802,1,0,1
17,8810,0,1,1
17,8814,1,1,1
17,8818,1,1,1
17,8822,0,1,1
17,8826,0,0,0
17,8830,1,1,1
17,8834,1,1,1
17,8838,0,1,1
17,8842,0,1,1
17,8846,1,0,1
17,8850,1,1,1
17,8854,0,1,1
17,8858,0,1,1
17,8862,1,0,1
17,8866,1,1,1
17,8870,0,1,1
17,8878,1,1,1
17,8882,1,1,1
17,8886,0,1,1
17,8890,0,0,0
17,8894,1,1,1
17,8898,1,1,1
17,8902,0,0,0
17,8906,0,1,1
17,8910,1,0,1
17,8914,1,1,1
17,8918,0,1,1
17,8922,0,1,1
17,8926,1,1,1
17,8930,1,1,1
17,8934,0,1,1
17,8938,0,1,1
17,8946,1,0,1
17,8950,0,1,1
17,8954,0,1,1
17,8958,1,0,1
17,8962,1,1,1
17,8966,0,1,1
17,8970,0,1,1
17,8974,1,1,1
17,8978,1,1,1
17,8982,0,0,0
17,8986,0,1,1
17,8990,1,1,1
17,8994,1,0,1
17,8998,0,1,1
17,9002,0,1,1
17,9006,0,0,0
17,9014,0,1,1
17,9018,0,1,1
17,9022,1,0,1
17,9026,1,1,1
17,9030,0,1,1
17,9034,0,1,1
17,9038,1,1,1
17,9042,1,0,1
17,9046,0,1,1
17,9050,0,1,1
17,9054,1,1,1
17,9058,1,1,1
17,9062,0,1,1
17,9066,0,0,0
17,9070,1,1,1
17,9074,1,1,1
17,9082,0,1,1
17,9086,1,1,1
17,9090,1,0,1
17,9094,0,0,0
17,9098,0,1,1
17,9102,1,0,1
17,9106,1,1,1
17,9110,0,1,1
17,9114,0,1,1
17,9118,1,0,1
17,9122,1,1,1
17,9126,0,0,0
17,9130,0,0,0
17,9134,1,0,1
17,9138,1,0,1
17,9142,0,1,1
17,9150,1,1,1
17,9154,1,0,1
17,9158,0,0,0
17,9162,0,1,1
17,9166,0,1,1
17,9170,1,1,1
17,9174,0,1,1
17,9178,0,1,1
17,9182,1,1,1
17,9186,1,1,1
17,9190,0,1,1
17,9194,0,1,1
17,9198,1,1,1
17,9202,1,0,1
17,9206,0,1,1
17,9210,0,1,1
17,9218,1,1,1
17,9222,0,1,1
17,9226,0,1,1
17,9230,1,1,1
17,9234,1,0,1
17,9238,0,0,0
17,9242,0,0,0
17,9246,1,0,1
17,9250,1,1,1
17,9254,0,1,1
17,9258,0,0,0
17,9262,1,0,1
17,9266,1,0,1
17,9270,0,1,1
17,9274,0,1,1
17,9278,1,1,1
17,9286,0,0,0
17,9290,0,1,1
17,9294,0,1,1
17,9298,1,1,1
17,9302,0,1,1
17,9306,0,0,0
17,9310,1,0,1
17,9314,1,0,1
17,9318,0,1,1
17,9322,0,1,1
17,9326,1,1,1
17,9330,1,1,1
17,9334,0,1,1
17,9338,0,1,1
17,9342,1,0,1
17,9346,1,1,1
17,9354,0,0,0
17,9358,1,0,1
17,9362,0,1,1
17,9366,0,0,0
17,9370,0,1,1
17,9374,1,1,1
17,9378,1,1,1
17,9382,0,1,1
17,9386,0,1,1
17,9390,0,1,1
17,9394,1,1,1
17,9398,0,1,1
17,9402,0,1,1
17,9406,1,0,1
17,9410,1,1,1
17,9414,0,1,1
17,9422,0,0,0
17,9426,1,1,1
17,9430,0,1,1
17,9434,0,1,1
17,9438,1,1,1
17,9442,1,1,1
17,9446,0,1,1
17,9450,0,0,0
17,9454,1,1,1
17,9458,1,1,1
17,9462,0,0,0
17,9466,0,1,1
17,9470,1,1,1
17,9474,1,0,1
17,9478,0,0,0
17,9482,0,1,1
17,9490,1,1,1
17,9494,0,0,0
17,9498,0,0,0
17,9502,1,1,1
17,9506,1,1,1
17,9510,0,1,1
17,9514,0,1,1
17,9518,0,1,1
17,9522,1,1,1
17,9526,0,0,0
17,9530,0,1,1
17,9534,0,1,1
17,9538,1,1,1
17,9542,0,1,1
17,9546,0,1,1
17,9550,1,1,1
17,9558,0,0,0
17,9562,0,1,1
17,9566,1,1,1
17,9570,1,1,1
17,9574,0,0,0
17,9578,0,0,0
17,9582,1,0,1
17,9586,1,1,1
17,9590,0,0,0
17,9594,0,1,1
17,9598,1,1,1
17,9602,1,1,1
17,9606,0,1,1
17,9610,0,1,1
17,9614,1,1,1
17,9618,0,0,0
17,9626,0,0,0
17,9630,1,0,1
17,9634,1,0,1
17,9638,0,1,1
17,9642,0,0,0
17,9646,1,1,1
17,9650,1,1,1
17,9654,0,0,0
17,9658,0,1,1
17,9662,1,0,1
17,9666,0,0,0
17,9670,0,1,1
17,9674,0,1,1
17,9678,1,0,1
17,9682,1,1,1
17,9686,0,1,1
17,9694,1,0,1
17,9698,1,0,1
17,9702,0,0,0
17,9706,0,1,1
17,9710,0,1,1
17,9714,0,0,0
17,9718,0,1,1
17,9722,0,0,0
17,9726,1,0,1
17,9730,1,0,1
17,9734,0,0,0
17,9738,0,0,0
17,9742,0,0,0
17,9746,1,1,1
17,9750,0,1,1
17,9754,0,1,1
17,9762,1,0,1
17,9766,0,0,0
17,9770,0,0,0
17,9774,1,1,1
17,9778,0,0,0
17,9782,0,0,0
17,9786,0,1,1
17,9790,1,0,1
17,9794,0,0,0
17,9798,0,0,0
17,9802,0,0,0
17,9806,0,0,0
17,9810,0,1,1
17,9814,0,0,0
17,9818,0,0,0
17,9822,1,0,1
