47,175330
47,-61822
47,-64734
47,1794
47,2034
47,-117150
47,-109822
47,14690
47,-79310
47,57106
47,-166494
47,38402
47,104866
47,98850
47,-21726
47,52562
47,-48910
47,61266
47,22098
47,-32510
47,167474
47,127458
47,-1246
47,-77534
47,-150926
47,46370
47,-27518
47,-98014
47,12082
47,126690
47,21730
47,-129806
47,-39310
47,-121566
47,-56670
47,166146
47,-153118
47,-137486
47,31874
47,9058
47,142946
47,-139934
47,180514
47,-17630
47,173954
47,149858
47,158946
47,111650
47,62050
47,-47566
47,71890
47,155426
47,-66238
47,-23198
47,43394
47,-20606
47,15890
47,-60846
47,98322
47,-10750
47,-73374
47,-1470
47,-149630
47,-22110
47,50690
47,135538
47,39474
47,-40190
47,66594
47,-15454
47,186786
47,6530
47,50210
47,-132158
47,57986
47,-160478
47,177778
47,-2078
47,112098
47,34690
47,123298
47,148450
47,-20334
47,-84638
47,-23134
47,105474
47,58754
47,117074
47,67490
47,-178270
47,38754
47,169730
47,104930
47,-45854
47,-117262
47,-27230
47,77090
47,39586
47,157666
47,7810
47,164770
47,-165406
47,52194
47,157346
47,-74910
47,59298
47,90210
47,104738
47,-91646
47,-71934
47,-30990
47,-19710
47,-103198
47,-82526
47,68130
47,156066
47,-158270
47,-165086
47,-3166
47,-53982
47,66050
47,-39854
47,195730
47,-58142
47,-166238
47,130786
47,-130990
47,-54686
47,-49966
47,59298
47,65090
47,-38830
47,-22270
47,66722
47,-148958
47,-155150
47,-29806
47,-34238
47,-31326
47,-96030
47,-54750
47,119330
47,125602
47,144050
47,-40654
47,95698
47,-95534
47,86770
47,-139486
47,50386
47,144610
47,147682
47,-126110
47,-126558
47,-62206
47,10370
47,58178
47,44290
47,-52510
47,-59182
47,122066
47,-14430
47,-113342
47,-11678
47,115426
47,-29982
47,-33694
47,160450
47,127074
47,-89902
47,-164894
47,-41886
47,130434
47,-13086
47,-102782
47,-94606
47,7458
47,-17758
47,-29982
47,-173886
47,-76638
47,-73294
47,119298
47,162754
47,-108510
47,-23918
47,-171406
47,110914
47,-32366
47,-113054
47,-57198
47,121954
47,90402
47,-172574
47,179810
47,144098
47,49634
47,36066
47,35090
47,145346
47,9426
47,-156046
47,-12654
47,71170
47,51778
47,-96158
47,-104430
47,-139566
47,-138718
47,-50142
47,52418
47,95282
47,-187054
47,167330
47,-36254
47,-108894
47,117666
47,32738
47,-20318
47,-68798
47,-111262
47,31074
47,183170
47,-83582
47,69666
47,60194
47,-82462
47,69266
47,-93502
47,-80926
47,-164814
47,-121278
47,-21502
47,47890
47,83298
47,205410
47,34322
47,166018
47,130674
47,-46814
47,29090
47,-10974
47,-62878
47,52642
47,13826
47,170402
47,52418
47,-121886
47,50466
47,82850
47,-65630
47,61666
47,22754
47,61186
47,-24110
47,111026
47,-43454
47,-152798
47,-12158
47,53570
47,-112526
47,129314
47,-51934
47,-80606
47,-65886
47,-37342
47,-123470
47,-7198
47,83522
47,15474
47,42082
47,104930
47,162
47,-77246
47,19650
47,-119998
47,164962
47,-6014
47,51010
47,-135278
47,-81182
47,-39502
47,87602
47,87458
47,-30814
47,110610
47,42978
47,48610
47,-142558
47,-202286
47,83490
47,124386
47,-24862
47,103186
47,-34670
47,50466
47,155490
47,130530
47,117346
47,-63310
47,85058
47,-22030
47,-94366
47,53746
47,71714
47,-4574
47,109410
47,-126782
47,-67726
47,134962
47,178978
47,58018
47,4930
47,-140830
47,-119022
47,35426
47,24658
47,-13006
47,22866
47,53234
47,2578
47,-51358
47,16866
47,154914
47,12578
47,155650
47,-112926
47,27010
47,99890
47,-112782
47,-149614
47,-36654
47,54114
47,-39134
47,67202
47,-103646
47,-39278
47,132850
47,126562
47,-71710
47,95714
47,-9886
47,-3710
47,8226
47,-76766
47,39202
47,24386
47,-143934
47,161346
47,-88286
47,-86254
47,162722
47,45410
47,33090
47,168946
47,24450
47,-118414
47,-73310
47,-286
47,-182174
47,37186
47,177826
47,-16926
47,6562
47,18402
47,-118126
47,116194
47,167618
47,-139454
47,-134750
47,-151054
47,-140510
47,-49822
47,-74974
47,-43262
47,15282
47,-165598
47,86626
47,181170
47,122770
47,-169822
47,-55662
47,140706
47,-15070
47,-124478
47,122898
47,12914
47,63586
47,-2558
47,-75614
47,-89310
47,-93150
47,80802
47,159778
47,57490
47,-10190
47,138018
47,16578
47,79234
47,136898
47,42850
47,-170430
47,116402
47,32530
47,-145438
47,159010
47,8530
47,15730
47,161826
47,-199614
47,63186
47,154978
47,-57934
47,89378
47,83554
47,135202
47,27810
47,158738
47,5538
47,-28510
47,9010
47,-175518
47,29954
47,105042
47,-55358
47,40994
47,62178
47,-101214
47,-51006
47,-104670
47,-29630
47,-46174
47,149346
47,22370
47,91362
47,166978
47,137714
47,-1310
47,190850
47,123154
47,21730
47,53202
47,-20126
47,65154
47,54370
47,-28046
47,-99070
47,-50590
47,38498
47,-55198
47,-33566
47,179554
47,143138
47,2050
47,-14494
47,-92958
47,37378
47,-88878
47,-71054
47,-70750
47,-93438
47,-71198
47,63202
47,-36894
47,-169694
47,-24142
47,-81614
47,-66382
47,-118766
47,-30846
47,-7454
47,-75998
47,201314
47,51698
47,158338
47,-28702
47,75746
47,39298
47,120418
47,129458
47,-176286
47,117698
47,22434
47,-134750
47,-60734
47,28802
47,15202
47,-40670
47,-92494
47,-9230
47,-91966
47,102626
47,-99902
47,-71710
47,-113886
47,136674
47,-65294
47,70114
47,-168350
47,-170446
47,167570
47,37490
47,154034
47,-17854
47,-19166
47,134306
47,-30
47,-168734
47,-74110
47,-2078
47,143602
47,169618
47,84610
47,-36510
47,-132574
47,27186
47,-86862
47,-131710
47,-64030
47,39554
47,-91390
47,28706
47,23330
47,-35358
47,-118078
47,86962
47,-90878
47,-206782
47,172898
47,188930
47,136546
47,-59422
47,-83934
47,187970
47,54562
47,-177918
47,3778
47,-24542
47,-53550
47,-14974
47,-131710
47,-152926
47,-84414
47,-81470
47,168418
47,-75230
47,-32878
47,-16414
47,37010
47,43554
47,34850
47,-34974
47,-115534
47,12130
47,-14366
47,143154
47,19234
47,2514
47,-130318
47,-55326
47,-8030
47,-35006
47,-103070
47,-147886
47,-85854
47,46514
47,45218
47,12386
47,-116846
47,-86110
47,164546
47,162082
47,24562
47,-31646
47,126050
47,107394
47,-75934
47,-105950
47,168226
47,-145534
47,140450
47,47906
47,-66846
47,-124094
47,-117086
47,-129054
47,-114910
47,-58414
47,18754
47,171010
47,-42910
47,198050
47,14882
47,98946
47,-180478
47,55746
47,-670
47,-70750
47,16354
47,-131294
47,9250
47,96018
47,-36542
47,53490
47,-192126
47,-99230
47,162434
47,105794
47,-111710
47,-85870
47,-93758
47,126466
47,41122
47,-116590
47,27106
47,-35550
47,87330
47,-103646
47,7394
47,91474
47,-10078
47,56194
47,-195518
47,-76574
47,-139406
47,-51198
47,112098
47,77474
47,-31390
47,-55614
47,129730
47,-93854
47,14818
47,-114046
47,-96302
47,-42174
47,-143918
47,-31774
47,-114366
47,48418
47,-23070
47,111170
47,-31310
47,-136478
47,137026
47,165186
47,2962
47,135714
47,-8670
47,-8798
47,-72862
47,135954
47,-70990
47,-159998
47,-143198
47,-104158
47,128802
47,109682
47,97250
47,-59662
47,106978
47,-138718
47,50722
47,738
47,105954
47,153362
47,50546
47,144866
47,137682
47,-162222
47,100514
47,-112030
47,70002
47,226
47,-96670
47,125474
47,-29246
47,-95774
47,96034
47,-38638
47,62050
47,119250
47,-198238
47,193570
47,-159710
47,-41534
47,-104302
47,99394
47,-144798
47,20018
47,-164190
47,169378
47,-3230
47,116642
47,-80414
47,102850
47,126594
47,52898
47,193634
47,-85982
47,-68894
47,1154
47,144034
47,-201598
47,35618
47,-7710
47,119442
47,15794
47,23426
47,130706
47,-128318
47,-30142
47,53042
47,84674
47,-138286
47,55362
47,-137118
47,-111246
47,68402
47,-71262
47,74690
47,147058
47,-93854
47,-168350
47,155618
47,118146
47,-179486
47,14674
47,176242
47,-26462
47,181538
47,10418
47,-19550
47,-47966
47,-7918
47,-28574
47,-181694
47,-120382
47,-9182
47,-4894
47,-55294
47,-26110
47,103186
47,-206078
47,-45406
47,18178
47,-31582
47,-74622
47,65090
47,-18782
47,-29726
47,99618
47,-165326
47,-92094
47,190818
47,160258
47,157858
47,69442
47,185058
47,113762
47,-106622
47,181474
47,48962
47,20002
47,-72030
47,-5214
47,97570
47,123138
47,27442
47,-782
47,7330
47,171250
47,-128318
47,98434
47,77186
47,-156446
47,80642
47,-100446
47,161314
47,47458
47,-50878
47,-12446
47,-55438
47,-121438
47,101858
47,-93854
47,-99054
47,-60846
47,-90686
47,-106318
47,-32142
47,108130
47,136002
47,107138
47,67602
47,31522
47,-152398
47,12242
47,-31486
47,-42718
47,546
47,41554
47,-10030
47,116050
47,-188030
47,2610
47,-198270
47,-167134
47,-108814
47,-104590
47,-125022
47,63458
47,-31454
47,-68894
47,-49614
47,57858
47,-65806
47,59650
47,-158174
47,-178686
47,161506
47,159986
47,-81054
47,-10366
47,138914
47,125090
47,135394
47,-164302
47,-53198
47,30434
47,85026
47,-4254
47,65170
47,-162110
47,-95502
47,-24046
47,-120030
47,-119390
47,-121502
47,148354
47,4066
47,-156350
47,-35806
47,-71454
47,25602
47,-188574
47,-46590
47,-46110
47,130546
47,-150670
47,71074
47,-20750
47,-48670
47,-33278
47,-61054
47,122706
47,-44334
47,151778
47,-97310
47,-80510
47,-136622
47,194850
47,-48782
47,-11838
47,-88670
47,-98078
47,148770
47,46306
47,43330
47,-83518
47,101746
47,76322
47,-58670
47,80610
47,129346
47,-38606
47,-8350
47,-50974
47,42338
47,-110270
47,54018
47,32642
47,99714
47,38194
47,-188734
47,-191710
47,103394
47,21666
47,-96494
47,-74334
47,79010
47,109442
47,149954
47,85394
47,-37022
47,-49694
47,126370
47,92098
47,-88990
47,-29150
47,141170
47,84322
47,-206062
47,157042
47,9186
47,-198430
47,44834
47,171730
47,-93966
47,-46174
47,187874
47,-55582
47,111842
47,-29838
47,-155934
47,-4334
47,47634
47,-29518
47,156386
47,102594
47,-122398
47,-46110
47,-34078
47,-105182
47,-177006
47,199506
47,17730
47,-46350
47,-43646
47,167650
47,64946
47,83570
47,7394
47,160802
47,87682
47,-6686
47,-40990
47,168018
47,-16894
47,-61342
47,36514
47,-111214
47,154146
47,-34510
47,87266
47,-43806
47,-37854
47,-61934
47,-118366
47,-150910
47,-74382
47,9970
47,-76574
47,115298
47,-43390
47,-149230
47,51314
47,99554
47,-57790
47,165090
47,80930
47,-109790
47,-70878
47,-161054
47,-34942
47,108258
47,33538
47,70498
47,22434
47,-54782
47,28450
47,163490
47,-4254
47,-142430
47,-4350
47,51426
47,-199646
47,126850
47,33346
47,-45934
47,23698
47,-66926
47,-32830
47,29090
47,-1246
47,42226
47,-112414
47,-121150
47,161346
47,161058
47,18658
47,-26910
47,123490
47,5346
47,92450
47,-51854
47,-47998
47,-153550
47,42786
47,-15006
47,130690
47,-149150
47,87394
47,135650
47,2290
47,120290
47,41026
47,65234
47,35554
47,-23134
47,-93838
47,49282
47,155714
47,83234
47,145186
47,-76558
47,-97630
47,-32094
47,-76894
47,178178
47,114530
47,-82782
47,-39486
47,-172702
47,-22174
47,191458
47,-35182
47,168162
47,13490
47,175138
47,-119566
47,-26974
47,-59950
47,-13726
47,-91006
47,116386
47,-89150
47,88610
47,-123998
47,-14766
47,158946
47,-110270
47,100386
47,-85534
47,-4382
47,8882
47,125442
47,190562
47,-140510
47,-148606
47,29426
47,-118270
47,-15182
47,127474
47,-56510
47,-53326
47,-38750
47,-20574
47,141346
47,168818
47,105026
47,-47902
47,177330
47,-105614
47,83554
47,-9486
47,-23758
47,132354
47,1442
47,-73966
47,-73054
47,-140894
47,130210
47,-97838
47,-70174
47,-122046
47,146626
47,3890
47,-35422
47,51682
47,-138894
47,145858
47,-24734
47,-158414
47,94210
47,-15838
47,79842
47,-112158
47,58066
47,-4830
47,30210
47,119090
47,86210
47,-181406
47,-83806
47,-45886
47,37986
47,89250
47,-136222
47,110882
47,-110062
47,-112430
47,182034
47,42946
47,136994
47,155074
47,52818
47,106114
47,59554
47,7346
47,-2526
47,-164638
47,-159454
47,108834
47,16162
47,25122
47,-187774
47,175394
47,-82462
47,-24382
47,-47198
47,179810
47,-80510
47,40242
47,-11262
47,-70814
47,158914
47,79234
47,-120798
47,-196574
47,50194
47,-137534
47,131106
47,79170
47,59874
47,81778
47,-164414
47,185090
47,-4702
47,90402
47,-115438
47,150562
47,72290
47,-21166
47,-55070
47,-58718
47,-65710
47,-97054
47,108514
47,-39070
47,195026
47,27586
47,151474
47,-148702
47,187170
47,8962
47,122146
47,-136526
47,-24574
47,-12254
47,-116174
47,-171326
47,147490
47,-1822
47,33074
47,2754
47,92258
47,20162
47,-141646
47,124226
47,-156638
47,-7406
47,-140670
47,182594
47,128546
47,43042
47,-180590
47,163410
47,-114638
47,-11950
47,-155838
47,-61726
47,-168798
47,49762
47,-179326
47,3922
47,-3422
47,-17870
47,-66046
47,-91710
47,-88606
47,-32990
47,3874
47,1202
47,-38622
47,-150926
47,-57310
47,-121710
47,25698
47,-15838
47,-34574
47,-42030
47,55074
47,159074
47,-28878
47,-85886
47,-157662
47,-74558
47,139698
47,3106
47,-51950
47,159010
47,163970
47,88834
47,83170
47,49922
47,89650
47,-33662
47,-40542
47,-21022
47,-148702
47,-184318
47,-91198
47,-189534
47,-25214
47,-1006
47,-123518
47,-80414
47,-135006
47,144610
47,-195966
47,175906
47,27490
47,-44158
47,-106078
47,153650
47,154402
47,22770
47,-4622
47,129346
47,12994
47,-90270
47,-60334
47,69186
47,-57630
47,-24734
47,100418
47,-204510
47,-76414
47,-4174
47,19010
47,37858
47,46114
47,-147934
47,-98190
47,42514
47,-27966
47,185954
47,-87726
47,128354
47,127586
47,-3550
47,-179870
47,-77758
47,71714
47,-84446
47,-156958
47,168226
47,52354
47,-95614
47,41154
47,156130
47,87266
47,-53854
47,-574
47,-24702
47,-30430
47,161570
47,-48702
47,182818
47,83170
47,29042
47,-129982
47,129762
47,105890
47,149442
47,83554
47,-165406
47,11810
47,-24750
47,-92910
47,188706
47,-89454
47,60002
47,104594
47,128754
47,29154
47,-91566
47,-121006
47,73010
47,-134110
47,-111470
47,-108446
47,28386
47,45954
47,88786
47,-151134
47,-20446
47,178
47,-41694
47,-92398
47,-168670
47,-145550
47,-70878
47,39026
47,132914
47,49186
47,43746
47,-27646
47,21026
47,14338
47,-65630
47,-53566
47,-5454
47,122914
47,39250
47,141410
47,68050
47,98770
47,23618
47,151106
47,163810
47,80386
47,106210
47,-14750
47,-194078
47,-53566
47,-26398
47,-169630
47,33970
47,130098
47,-16414
47,-40654
47,-23198
47,-97630
47,117570
47,132050
47,157474
47,-79982
47,-62734
47,-135614
47,-52830
47,-5662
47,63026
47,-187774
47,-111134
47,-147998
47,147426
47,-120078
47,-72830
47,-79006
47,178914
47,2434
47,123810
47,-32478
47,-19406
47,-42942
47,53730
47,-39774
47,72290
47,120066
47,-72990
47,-77246
47,-68990
47,-77566
47,74066
47,-153054
47,-8030
47,-286
47,-108958
47,-22990
47,-102574
47,176066
47,-201710
47,-62942
47,-76030
47,-11870
47,130274
47,-44830
47,11234
47,39074
47,-110126
47,-145310
47,-16830
47,-11294
47,48866
47,161138
47,57250
47,153250
47,52146
47,-83710
47,-29630
47,-148926
47,3810
47,-54782
47,69826
47,-141918
47,113698
47,-91390
47,-98206
47,26770
47,-174126
47,44834
47,-132430
47,165538
47,-100830
47,63650
47,5090
47,36258
47,65314
47,-100446
47,-125918
47,191650
47,46114
47,-97566
47,-24382
47,-71678
47,30242
47,184226
47,-119390
47,5522
47,169570
47,127490
47,94274
47,-126014
47,175394
47,-31870
47,54066
47,-113470
47,99266
47,-143582
47,59058
47,-52414
47,128162
47,-23630
47,22946
47,-12510
47,23106
47,-13054
47,-157726
47,-82686
47,-169966
47,92066
47,-157550
47,-68238
47,33538
47,20114
47,202018
47,62498
47,134178
47,-202702
47,122818
47,-184414
47,151234
47,-149470
47,-123310
47,4322
47,114114
47,-20702
47,-29214
47,54530
47,32722
47,-105982
47,84706
47,20930
47,77858
47,-50270
47,-17486
47,81666
47,-7006
47,138514
47,-102030
47,-188574
47,155026
47,-11294
47,-68622
47,110290
47,141122
47,111762
47,-131102
47,-99822
47,-238
47,-67294
47,-135582
47,127330
47,127202
47,38402
47,137474
47,-173278
47,-33502
47,-190526
47,104642
47,-94526
47,-137470
47,-65022
47,18850
47,-45022
47,3634
47,160610
47,-158814
47,-115742
47,1826
47,36130
47,-120606
47,74114
47,52498
47,-67934
47,-189166
47,46946
47,-54046
47,-118894
47,130466
47,162658
47,-164510
47,-42494
47,-14206
47,26146
47,-100446
47,27298
47,60450
47,-177310
47,135234
47,-55582
47,-140510
47,151458
47,-46814
47,155746
47,136674
47,13026
47,-185374
47,-122798
47,45394
47,-101470
47,82946
47,2722
47,15714
47,-22046
47,186370
47,-106174
47,142770
47,-95038
47,-123054
47,-142462
47,-64030
47,-85982
47,148322
47,-50110
47,21650
47,115890
47,-96158
47,177442
47,-142270
47,-119390
47,7474
47,15842
47,-98174
47,56450
47,82914
47,178978
47,118386
47,-187870
47,-31294
47,-27134
47,-89246
47,-82654
47,132098
47,27938
47,-32030
47,-121694
47,14914
47,-59118
47,-99646
47,-149726
47,-50686
47,84050
47,5394
47,-116894
47,69410
47,28034
47,-155358
47,85666
47,-139246
47,-19518
47,-50462
47,-164622
47,112482
47,62050
47,162418
47,123170
47,24610
47,75394
47,-57694
47,122978
47,-45550
47,-1006
47,-5310
47,116482
47,42626
47,-18926
47,-48094
47,-1422
47,-88094
47,-132206
47,-87838
47,113890
47,-33502
47,-82750
47,-88254
47,201954
47,-197710
47,81970
47,73890
47,98882
47,-4414
47,37202
47,-117086
47,-79646
47,-96702
47,111010
47,56290
47,120146
47,20194
47,-25310
47,-39646
47,-97182
47,190450
47,30194
47,67810
47,72226
47,64930
47,112354
47,-12158
47,68770
47,-97630
47,103570
47,-36446
47,-4894
47,2850
47,144514
47,157538
47,-160894
47,142210
47,-44510
47,-91262
47,43682
47,-153166
47,-3326
47,-25086
47,-67470
47,162978
47,-3054
47,62626
47,155426
47,71986
47,138818
47,141122
47,-18590
47,106514
47,-45246
47,-49278
47,48386
47,-102286
47,-25310
47,-154974
47,-65630
47,161538
47,119138
47,84258
47,-46334
47,-95438
47,-62878
47,-97918
47,-129310
47,165090
47,-197934
47,-118942
47,-57806
47,-109726
47,-44030
47,122338
47,-93694
47,-40462
47,123490
47,-95150
47,24818
47,-199486
47,86050
47,-136382
47,-20302
47,-138702
47,81314
47,-55774
47,83202
47,-47710
47,-49982
47,-107966
47,73954
47,-164222
47,98482
47,-131102
47,-178910
47,-119982
47,107122
47,164738
47,-40030
47,-148126
47,-49822
47,-111454
47,-50030
47,147538
47,35810
47,181634
47,81410
47,-41758
47,106850
47,-58430
47,-142814
47,-187006
47,-56238
47,160514
47,147746
47,-176702
47,126946
47,156578
47,-82462
47,-79390
47,-3326
47,144450
47,48994
47,43202
47,17634
47,109058
47,150546
47,-133102
47,81346
47,164306
47,-41438
47,29730
47,-74974
47,-34078
47,33986
47,-124478
47,-59614
47,-1246
47,13250
47,74018
47,-64046
47,-18238
47,104562
47,137090
47,72130
47,-116126
47,4834
47,54594
47,-50782
47,-168814
47,34594
47,-35710
47,105122
47,-990
47,148066
47,-59870
47,-87550
47,116706
47,7650
47,108578
47,-74318
47,-168270
47,183714
47,99250
47,-94494
47,-178078
47,-122366
47,-116798
47,104082
47,-93502
47,194450
47,53506
47,-60734
47,54338
47,-11214
47,-98910
47,89538
47,-144686
47,94466
47,-46030
47,182306
47,-15358
47,-73630
47,-33118
47,-9182
47,7490
47,-60830
47,-69406
47,-93966
47,59522
47,610
47,-46046
47,23714
47,-135966
47,74498
47,100914
47,147314
47,14786
47,93346
47,-97310
47,75426
47,-80414
47,-13246
47,-179198
47,19826
47,121410
47,-93934
47,-105886
47,-148606
47,-76318
47,-106206
47,-158750
47,44578
47,-165662
47,-8270
47,116834
47,38002
47,86770
47,101090
47,-138654
47,146098
47,-29278
47,-18830
47,-145790
47,-111358
47,-39646
47,-157022
47,102290
47,32194
47,71746
47,163938
47,141186
47,-120766
47,-170462
47,134178
47,-165950
47,148514
47,72674
47,117330
47,-61630
47,46786
47,148130
47,-35294
47,-183646
47,-66430
47,134626
47,-197246
47,125602
47,53602
47,-134030
47,-79454
47,85618
47,-118318
47,159986
47,186210
47,31858
47,-62174
47,11410
47,-38302
47,-7550
47,156626
47,125234
47,12674
47,54210
47,90466
47,43154
47,-170270
47,-12318
47,-123870
47,134210
47,-4318
47,109410
47,145682
47,-34718
47,91058
47,-168702
47,-110686
47,82722
47,-53262
47,-26142
47,93346
47,-139614
47,-140430
47,165026
47,132002
47,137218
47,22098
47,-85630
47,-106526
47,-134590
47,-157998
47,63106
47,-21790
47,-16190
47,-141838
47,-44494
47,138530
47,-74206
47,-61118
47,-101886
47,-39918
47,99554
47,-92718
47,-158990
47,-32270
47,61922
47,-90318
47,4322
47,95282
47,-93150
47,-10382
47,-121886
47,200002
47,103874
47,112866
47,-93998
47,133746
47,189026
47,70082
47,42034
47,142610
47,97890
47,-60558
47,69938
47,41666
47,-91422
47,-106366
47,-9166
47,6754
47,50114
47,169042
47,152354
47,-66174
47,-195646
47,-18654
47,-198110
47,-36414
47,-28542
47,125026
47,-19294
47,74850
47,-58590
47,-64094
47,-63390
47,-107166
47,-72526
47,130322
47,-30430
47,75490
47,49922
47,67090
47,-79550
47,19362
47,-144814
47,-30238
47,-177790
47,-42590
47,-30302
47,-118318
47,67714
47,171490
47,26594
47,112370
47,91298
47,-88990
47,-22366
47,-141854
47,-32110
47,-123694
47,26818
47,-154590
47,-50078
47,-19854
47,84610
47,-92350
47,-65182
47,77442
47,174898
47,91362
47,5538
47,-90398
47,60290
47,38946
47,96514
47,-55934
47,168994
47,157250
47,81346
47,-47326
47,-47182
47,137714
47,97634
47,-67470
47,109154
47,14114
47,-154478
47,138866
47,1442
47,52338
47,-137278
47,79506
47,190882
47,-91006
47,-55310
47,112738
47,-165646
47,169666
47,-143822
47,-151806
47,19378
47,-39982
47,-157294
47,58434
47,54258
47,-16606
47,50274
47,153826
47,88962
47,72034
47,45730
47,-74334
47,7266
47,-83678
47,194
47,-37822
47,-38590
47,1890
47,-186430
47,103202
47,-15662
47,11410
47,60962
47,-116126
47,-73054
47,156162
47,-191710
47,100418
47,140546
47,5042
47,-124702
47,90194
47,110626
47,-159134
47,142242
47,-31646
47,10594
47,21026
47,-201454
47,187202
47,22306
47,134434
47,-147230
47,-50814
47,114146
47,44130
47,173634
47,40258
47,179106
47,-24958
47,-88286
47,-93870
47,-9758
47,11842
47,-25822
47,-135886
47,45730
47,-5070
47,65570
47,-171422
47,77762
47,68578
47,84290
47,154210
47,40930
47,-75230
47,44530
47,-39774
47,122802
47,-55950
47,149090
47,-47150
47,177890
47,-131294
47,153490
47,-111326
47,-86558
47,-16414
47,41954
47,-17774
47,-147166
47,-122494
47,-85582
47,54882
47,118306
47,-187934
47,33890
47,-22910
47,-24190
47,-81886
47,-36366
47,-49918
47,-87262
47,86610
47,-159870
47,25058
47,-70302
47,82722
47,-69150
47,121634
47,94274
47,-22910
47,161842
47,-108734
47,-60734
47,-64894
47,202466
47,85858
47,75042
47,-173454
47,174946
47,172226
47,-145886
47,-61806
47,-17454
47,-32350
47,21474
47,-156670
47,-197534
47,-108190
47,-41102
47,-141166
47,-46110
47,61938
47,53650
47,-9822
47,-147278
47,-175550
47,114146
47,-62910
47,-74638
47,4898
47,58146
47,-110126
47,-38590
47,89810
47,-120222
47,155090
47,-159070
47,183826
47,-159806
47,176994
47,-124862
47,-4254
47,59890
47,-1822
47,142370
47,-51662
47,-129134
47,179554
47,82738
47,-159934
47,25634
47,-18174
47,-41182
47,-142014
47,1378
47,-6238
47,181826
47,-118302
47,89890
47,-13150
47,160642
47,-144142
47,-109486
47,-90270
47,-30046
47,-155038
47,166690
47,182370
47,-85246
47,-150046
47,-145118
47,-130462
47,70370
47,18674
47,46818
47,13586
47,46306
47,-89566
47,66482
47,169090
47,36610
47,48466
47,-177406
47,-127486
47,115554
47,-88702
47,114978
47,-107998
47,107986
47,162114
47,72898
47,-43326
47,-132398
47,38114
47,-85726
47,169330
47,-14558
47,-61566
47,-162078
47,-102622
47,28450
47,74194
47,-130270
47,-101086
47,129090
47,-15870
47,-24670
47,-13278
47,18434
47,185170
47,-51278
47,163746
47,9794
47,42850
47,-144446
47,112130
47,-168606
47,31586
47,-48350
47,-107806
47,127682
47,75490
47,109826
47,40546
47,65890
47,-16078
47,-3870
47,-166238
47,-91790
47,105218
47,5266
47,7842
47,-84142
47,109570
47,166818
47,96546
47,-182878
47,-140174
47,145570
47,-163166
47,-107694
47,52322
47,-16798
47,-199998
47,-114478
47,123970
47,61042
47,131906
47,97634
47,18418
47,-88990
47,118114
47,-25310
47,30690
47,175506
47,2210
47,82370
47,110370
47,-45134
47,-74926
47,-45038
47,152594
47,34018
47,8674
47,-146334
47,-199390
47,158514
47,-42334
47,50978
47,-33870
47,-79582
47,22754
47,136098
47,-200990
47,47650
47,-7198
47,-62526
47,170850
47,-107358
47,162434
47,140770
47,-70366
47,119938
47,119666
47,49234
47,-100686
47,-92734
47,84706
47,-124510
47,-193022
47,81938
47,114130
47,-74526
47,-114910
47,-52126
47,133314
47,-175822
47,-19214
47,69618
47,74146
47,27074
47,139042
47,127714
47,110898
47,37074
47,5698
47,-46430
47,-151966
47,147170
47,-72094
47,201538
47,-64574
47,20498
47,77474
47,-185950
47,-82046
47,169442
47,-11934
47,-100590
47,161314
47,53026
47,-172958
47,-142270
47,-149790
47,127074
47,-146750
47,-52958
47,170194
47,27490
47,-179486
47,158162
47,131362
47,-203454
47,128594
47,-84478
47,198354
47,-187678
47,-55198
47,132994
47,67650
47,37794
47,50146
47,103458
47,-86366
47,-179246
47,-12510
47,-25854
47,87858
47,-70990
47,-119966
47,-135134
47,31618
47,-118078
47,148914
47,-183742
47,56546
47,126770
47,-120798
47,32770
47,-120670
47,-152110
47,-180670
47,42626
47,-176222
47,153506
47,191202
47,83026
47,-165598
47,-100542
47,-188750
47,-102910
47,11170
47,83602
47,62018
47,130274
47,-80926
47,-37294
47,31458
47,9186
47,-116510
47,103714
47,-200270
47,118786
47,108578
47,-91038
47,-160110
47,39746
47,-10334
47,133890
47,-32110
47,-185790
47,-78174
47,-19230
47,103746
47,-86462
47,-63646
47,-27198
47,-124798
47,35554
47,-15454
47,-72926
47,40226
47,-201358
47,23154
47,1170
47,181954
47,112162
47,191186
47,-2270
47,71074
47,-60510
47,-55326
47,174434
47,-46910
47,148194
47,39586
47,91666
47,-41438
47,-123326
47,47938
47,-194398
47,-48542
47,-2014
47,-87070
47,-7934
47,32482
47,171650
47,97202
47,-16270
47,82210
47,-16190
47,-71454
47,-119966
47,-47326
47,98082
47,-55646
47,-29950
47,-176350
47,80178
47,35842
47,-162974
47,150946
47,104338
47,-38206
47,87986
47,90738
47,97026
47,-129054
47,-62478
47,-74846
47,-207358
47,115106
47,124130
47,-27790
47,89666
47,80226
47,-167454
47,56226
47,-191838
47,-134878
47,-163518
47,-14878
47,58594
47,-199838
47,25506
47,26530
47,-174430
47,-18846
47,-96382
47,-64110
47,-38366
47,111650
47,189698
47,-61470
47,-95230
47,186530
47,-85678
47,-138814
47,-56062
47,164130
47,-114910
47,-10334
47,38370
47,-67262
47,-97246
47,-81598
47,-154910
47,-56814
47,180514
47,198578
47,-12670
47,167746
47,-75598
47,178786
47,153490
47,-62446
47,73154
47,-17214
47,58098
47,102850
47,-47726
47,170706
47,118882
47,-189310
47,-16750
47,-14078
47,165282
47,-7646
47,115042
47,76898
47,-5582
47,89458
47,87874
47,51970
47,9106
47,-145918
47,-123022
47,-120030
47,64738
47,-54926
47,37794
47,131106
47,-83486
47,-115774
47,-36254
47,-85774
47,13954
47,73378
47,-173726
47,105698
47,-105310
47,4146
47,-36766
47,-120814
47,-44254
47,166594
47,-35294
47,4290
47,-32286
47,66786
47,24994
47,51746
47,101330
47,172002
47,-59342
47,62978
47,54434
47,2770
47,-80606
47,-132590
47,-93022
47,180754
47,82658
47,-51118
47,59874
47,-622
47,-145534
47,-141118
47,2082
47,121250
47,-95454
47,-146350
47,181218
47,47810
47,-193054
47,36898
47,-64670
47,116706
47,-199582
47,70946
47,89570
47,21634
47,44418
47,34114
47,95490
47,-169758
47,-195694
47,133090
47,-86494
47,-23454
47,-33406
47,9474
47,115394
47,-39182
47,-25678
47,-149726
47,-77166
47,151378
47,-76542
47,-188302
47,-159454
47,-177662
47,111938
47,34258
47,-19774
47,-157662
47,-55646
47,58242
47,122386
47,189058
47,114450
47,32706
47,-3550
47,-86878
47,-124190
47,115298
47,34882
47,-42350
47,-39550
47,75874
47,-52366
47,41010
47,-31326
47,-63630
47,47906
47,-66846
47,186770
47,-31454
47,-24958
47,-136734
47,-134878
47,-22046
47,-14494
47,-151950
47,32738
47,164706
47,-1214
47,-128510
47,198914
47,34882
47,16738
47,-2654
47,-16702
47,87506
47,-71726
47,146146
47,30242
47,-44830
47,-113054
47,-149726
47,-48014
47,169426
47,172322
47,140290
47,29826
47,50402
47,-53758
47,-17406
47,-116126
47,-42622
47,154274
47,-24638
47,127458
47,-170334
47,-140590
47,204290
47,189634
47,-121838
47,-132190
47,65970
47,-2302
47,58994
47,124066
47,-166126
47,52114
47,109874
47,-30110
47,-69070
47,27426
47,75234
47,-23070
47,35154
47,-88094
47,-65918
47,24274
47,152674
47,-28894
47,52802
47,93730
47,-161390
47,-28750
47,-131102
47,-166366
47,-15678
47,-139262
47,92290
47,105474
47,-104414
47,158530
47,-105614
47,-103038
47,-59870
47,4290
47,-350
47,116386
47,-98910
47,16162
47,135010
47,113890
47,59618
47,-8814
47,134754
47,110018
47,-6590
47,-53726
47,9298
47,131234
47,138994
47,-119902
47,49858
47,31138
47,1730
47,21090
47,-124958
47,-111294
47,35618
47,2210
47,119618
47,1474
47,-98638
47,-12382
47,71650
47,-28382
47,170018
47,16770
47,-1870
47,-67438
47,30962
47,115170
47,-96222
47,91426
47,-144862
47,167154
47,-20254
47,-21470
47,29858
47,-32638
47,135938
47,40610
47,-110078
47,89954
47,-53150
47,103602
47,-64302
47,-183806
47,102082
47,-104158
47,53282
47,96482
47,-184254
47,28130
47,50498
47,85250
47,117538
47,175714
47,-16958
47,-78622
47,-109694
47,151106
47,-107358
47,31794
47,27586
47,-124190
47,62370
47,-30718
47,-109182
47,30754
47,-60510
47,139490
47,-148030
47,3266
47,112962
47,116130
47,58914
47,134210
47,36898
47,-109790
47,57730
47,26882
47,193410
47,-8318
47,-113758
47,-93630
47,131874
47,-97166
47,-96798
47,-49070
47,138402
47,-76894
47,147874
47,-44606
47,-79006
47,-102590
47,-101086
47,53282
47,8226
47,119010
47,-60190
47,-43438
47,105410
47,-79070
47,-58206
47,-145694
47,167810
47,51874
47,169186
47,-106830
47,-203470
47,118018
47,-175998
47,16354
47,-60190
47,-191230
47,82546
47,-136846
47,-3806
47,-31838
47,-89566
47,-29982
47,77506
47,-80862
47,-117182
47,-64350
47,19010
47,930
47,-44702
47,86498
47,75266
47,66658
47,57890
47,125522
47,33522
47,29858
47,-79742
47,59106
47,-150366
47,8674
47,65570
47,80162
47,192898
47,-14974
47,76738
47,-92414
47,-41054
47,-89182
47,-180814
47,-160254
47,-163214
47,173538
47,-75550
47,56930
47,-29854
47,-51742
47,-162910
47,34882
47,-57086
47,-56094
47,-31070
47,-44510
47,-47614
47,85026
47,-81438
47,-73742
47,58210
47,-158302
47,-161630
47,-17534
47,-90606
47,-22430
47,-68958
47,159810
47,-140926
47,-131470
47,-10606
47,35106
47,-143230
47,-83550
47,67410
47,49826
47,-149502
47,-115742
47,50530
47,-77278
47,137058
47,111010
47,-155902
47,-49758
47,-120622
47,-52430
47,-105310
47,41858
47,112610
47,-43166
47,54226
47,-49102
47,-111470
47,-119774
47,-122366
47,183890
47,-157854
47,-187870
47,-73726
47,5346
47,84114
47,131106
47,-51566
47,-200990
47,43490
47,123842
47,-43502
47,-130990
47,-40286
47,130466
47,-114526
47,1330
47,95922
47,-74462
47,-143070
47,191154
47,-119246
47,32626
47,109154
47,57010
47,-102894
47,45506
47,29794
47,-126446
47,-17422
47,-85182
47,-51678
47,-71422
47,32754
47,-29774
47,8770
47,65298
47,-101502
47,-19934
47,121650
47,-47902
47,-29774
47,46306
47,103778
47,72066
47,-79886
47,11618
47,-129982
47,-56638
47,-83614
47,-23470
47,-172830
47,142466
47,-12910
47,92066
47,175234
47,-175646
47,-15726
47,67618
47,-96254
47,116098
47,-203790
47,65554
47,-52318
47,-79694
47,198114
47,65778
47,23106
47,-89534
47,155650
47,-68814
47,203266
47,131650
47,62498
47,-151422
47,-45566
47,8530
47,-100910
47,66754
47,65186
47,-141374
47,-27070
47,-165886
47,-95806
47,115570
47,78850
47,-156686
47,-85854
47,35042
47,-90686
47,156130
47,-129278
47,120994
47,-178302
47,199250
47,66994
47,130466
47,-23694
47,-798
47,136226
47,-73502
47,128834
47,-112798
47,-180830
47,-1566
47,144610
47,-97262
47,-20782
47,182274
47,193570
47,-43870
47,192962
47,51170
47,194786
47,-91294
47,172962
47,-132350
47,36770
47,-199406
47,-183118
47,-98206
47,-158286
47,11746
47,23330
47,37474
47,-48670
47,38978
47,-16542
47,-120718
47,173922
47,139490
47,-97118
47,76994
47,111650
47,-181662
47,105922
47,-1534
47,44242
47,-118494
47,41810
47,114050
47,2690
47,-85150
47,-41054
47,94514
47,-26830
47,106850
47,43314
47,-142558
47,-59966
47,-60846
47,6946
47,-44846
47,-22750
47,-96318
47,117794
47,-100350
47,84962
47,162786
47,-117854
47,-77678
47,-55070
47,14754
47,-57230
47,-92606
47,-89486
47,-145214
47,145698
47,22370
47,52242
47,-157038
47,-175294
47,62210
47,35506
47,-37982
47,47602
47,155042
47,-45118
47,74882
47,142274
47,26114
47,-138654
47,-3566
47,69698
47,95778
47,135426
47,180466
47,-160350
47,-11294
47,-36254
47,-82398
47,-100414
47,-58718
47,-90430
47,-148430
47,206306
47,-1278
47,154082
47,-23230
47,58594
47,-105310
47,79138
47,12674
47,-67454
47,19330
47,-57790
47,-97710
47,40354
47,-126958
47,-112414
47,101506
47,-14686
47,-13710
47,-50878
47,-91006
47,-2302
47,-130366
47,-45326
47,79778
47,-108190
47,162914
47,61426
47,-41166
47,4354
47,135970
47,145250
47,143714
47,155746
47,1090
47,386
47,-169566
47,-87358
47,59506
47,-154766
47,-21438
47,-102270
47,-127982
47,34978
47,530
47,-48414
47,132770
47,-60446
47,93986
47,166354
47,193698
47,124290
47,-156446
47,146210
47,136450
47,144706
47,32050
47,-14446
47,89538
47,-96478
47,39874
47,-188350
47,32690
47,-195294
47,98338
47,62882
47,-69534
47,56914
47,105762
47,-40462
47,-107774
47,18850
47,-147166
47,78226
47,-95518
47,-195134
47,48866
47,52418
47,137474
47,108274
47,57634
47,-121214
47,57314
47,-147566
47,195554
47,19042
47,-87774
47,128514
47,-117630
47,-57630
47,7138
47,126946
47,41378
47,-51902
47,-28478
47,141154
47,-75198
47,-31390
47,13602
47,-193758
47,-169918
47,79842
47,22498
47,-89950
47,102818
47,-168606
47,-116750
47,24866
47,26018
47,12418
47,-103646
47,-161854
47,79234
47,69634
47,149330
47,-186062
47,-40990
47,41762
47,-156926
47,20706
47,-56734
47,-9054
47,-102910
47,162786
47,33506
47,-161934
47,68578
47,-177246
47,13042
47,161794
47,-8286
47,-148030
47,-43550
47,-39486
47,135202
47,18834
47,-59294
47,137442
47,-37086
47,-56734
47,87106
47,104642
47,13410
47,83042
47,-48910
47,-27454
47,-107870
47,47890
47,-115102
47,99010
47,-12670
47,64098
47,33650
47,-61406
47,-93022
47,92274
47,-169246
47,-123966
47,-141918
47,-138862
47,-25934
47,20898
47,-104526
47,-161326
47,-127486
47,187202
47,127266
47,-88814
47,-82974
47,81058
47,-54302
47,-31870
47,162498
47,55906
47,-56222
47,17378
47,92882
47,64210
47,-29086
47,-168782
47,-160414
47,-28766
47,59362
47,60434
47,-187054
47,145314
47,-92382
47,83266
47,141202
47,30946
47,16690
47,60194
47,-42270
47,75426
47,65954
47,-30734
47,-23326
47,45810
47,-119678
47,187618
47,58082
47,-44910
47,-152366
47,-88542
47,102770
47,29842
47,14626
47,-35710
47,-94334
47,-156446
47,-107358
47,10066
47,15042
47,114786
47,136082
47,83746
47,-50494
47,74370
47,-21310
47,100210
47,-97294
47,-109038
47,-41694
47,-31166
47,46658
47,-111998
47,66530
47,-27134
47,-52446
47,34850
47,-127390
47,81074
47,-163038
47,-97886
47,-41310
47,116082
47,-734
47,23794
47,16466
47,-148958
47,-142926
47,-9790
47,-37422
47,7330
47,-156526
47,-93918
47,-3134
47,188642
47,-19966
47,30434
47,-97422
47,5890
47,-138974
47,-6238
47,-46430
47,59362
47,128866
47,-121374
47,118850
47,56034
47,-23390
47,97602
47,-189134
47,-107758
47,90450
47,60642
47,179874
47,-186478
47,-190750
47,-57950
47,-19742
47,25714
47,-188830
47,8226
47,-62126
47,40034
47,-90174
47,166690
47,-90974
47,-197822
47,-87646
47,24866
47,-39742
47,68770
47,-47710
47,-58398
47,149042
47,-130574
47,-156574
47,-19374
47,138290
47,-35998
47,-139262
47,-118654
47,-30750
47,34786
47,-205294
47,29170
47,68930
47,-29342
47,166354
47,124690
47,95906
47,182754
47,-136030
47,-18382
47,-117790
47,-57566
47,-54350
47,-142990
47,21282
47,-47134
47,-29054
47,114402
47,-42494
47,-191710
47,610
47,-13758
47,-193246
47,-59902
47,-190654
47,-155294
47,-43102
47,-33886
47,36450
47,-53374
47,-16030
47,-4718
47,183842
47,-16270
47,-155838
47,49378
47,-115102
47,-116046
47,68146
47,78514
47,108674
47,-87070
47,99010
47,-42622
47,-4190
47,125746
47,-84302
47,134434
47,16130
47,-164622
47,107874
47,175394
47,-56254
47,18722
47,105090
47,202050
47,-84990
47,98610
47,-26046
47,32738
47,11810
47,-74606
47,35042
47,42002
47,18418
47,18482
47,148770
47,101554
47,-173486
47,-29790
47,-83774
47,-92510
47,-180734
47,108258
47,76514
47,3490
47,75650
47,-77534
47,-181854
47,-92126
47,74978
47,-116910
47,164754
47,43234
47,144994
47,-15646
47,26722
47,-133726
47,-79598
47,137330
47,162434
47,-186014
47,39202
47,-41886
47,-113310
47,-183726
47,-42142
47,14370
47,173090
47,-166942
47,72610
47,67250
47,-30110
47,88722
47,-88270
47,-110142
47,117634
47,52466
47,25458
47,-57886
47,63330
47,-67790
47,48866
47,-136526
47,-57310
47,-1262
47,181410
47,-157598
47,173586
47,-72094
47,170210
47,23266
47,-59870
47,1250
47,-102014
47,173410
47,113346
47,51266
47,46418
47,109538
47,113346
47,-33054
47,101218
47,48546
47,41634
47,102210
47,-33278
47,-192446
47,119890
47,91106
47,63714
47,-4990
47,-100750
47,16066
47,190930
47,105698
47,86530
47,33858
47,-38078
47,-76638
47,204898
47,-73550
47,-105134
47,-169486
47,-120974
47,-116510
47,93410
47,-93934
47,64066
47,4450
47,54818
47,121794
47,-116974
47,104610
47,118914
47,130610
47,-95614
47,-17694
47,87330
47,2210
47,68738
47,139122
47,-148574
47,176706
47,125154
47,122530
47,152434
47,-117470
47,-48318
47,-160414
47,147682
47,148322
47,113442
47,118098
47,-5278
47,111058
47,-56478
47,144610
47,-54718
47,-87710
47,99106
47,-64318
47,142130
47,-47326
47,79426
47,42946
47,33762
47,85730
47,-16702
47,126754
47,26082
47,-20366
47,54690
47,197506
47,-124574
47,-58414
47,105634
47,68642
47,57138
47,-80062
47,73410
47,-11230
47,34866
47,-24110
47,-22350
47,197346
47,-7070
47,106178
47,73442
47,-54190
47,69970
47,-88670
47,52130
47,24354
47,110690
47,175970
47,163106
47,37762
47,-119678
47,154082
47,-182750
47,-43006
47,140066
47,-28766
47,-13822
47,-100190
47,85090
47,-47710
47,-121598
47,-38558
47,-54574
47,-119870
47,89954
47,75906
47,-86494
47,87586
47,-74990
47,-77598
47,-23518
47,100738
47,22882
47,-108190
47,-65374
47,-117054
47,135650
47,-11214
47,-77278
47,-17374
47,-4062
47,-84446
47,-66846
47,-47134
47,2978
47,87250
47,-90942
47,-66718
47,-139326
47,72162
47,177794
47,142178
47,-87646
47,30962
47,-89950
47,-2110
47,-85982
47,-96878
47,151138
47,64674
47,-162350
47,-8622
47,-26206
47,188098
47,95890
47,39266
47,88978
47,106706
47,106658
47,-1950
47,84610
47,160274
47,-286
47,167170
47,107074
47,-120542
47,12930
47,20194
47,-89918
47,-13198
47,11042
47,-103646
47,-118878
47,-107870
47,88018
47,78450
47,-145470
47,156738
47,27234
47,48610
47,76146
47,-63902
47,-158158
47,39314
47,-79518
47,-27470
47,-17950
47,-798
47,-37598
47,-79342
47,89058
47,181762
47,-103134
47,11362
47,-167134
47,176514
47,158914
47,54674
47,122626
47,26786
47,-43806
47,117378
47,-180334
47,103906
47,181154
47,41874
47,56610
47,-124574
47,-154526
47,117410
47,83858
47,66274
47,65794
47,-146686
47,142130
47,14530
47,137442
47,2754
47,46610
47,-55902
47,51554
47,13634
47,34
47,82
47,-112814
47,-111982
47,-185054
47,-89438
47,-56014
47,54786
47,99058
47,77186
47,-254
47,99970
47,97314
47,133346
47,-111038
47,-46078
47,174018
47,198946
47,64354
47,-78078
47,72162
47,76386
47,-105694
47,92194
47,23858
47,-23230
47,-64350
47,-112926
47,89042
47,92898
47,110658
47,-183966
47,53314
47,99106
47,-97054
47,-111454
47,3490
47,51778
47,44914
47,9122
47,177554
47,-121502
47,91986
47,15842
47,22706
47,-198174
47,94450
47,159010
47,-145374
47,-87070
47,-111646
47,-62350
47,-127838
47,135890
47,151570
47,75618
47,-109390
47,82722
47,85794
47,-91342
47,-170014
47,-127646
47,37442
47,153826
47,-130462
47,134130
47,73874
47,123554
47,-48766
47,-606
47,-65502
47,-174350
47,-199070
47,-56606
47,79586
47,-115102
47,63714
47,18482
47,27586
47,-34670
47,-186142
47,-22430
47,-181646
47,48882
47,40162
47,14386
47,198994
47,-65694
47,-138238
47,87650
47,-15038
47,140450
47,77426
47,-163582
47,119666
47,26786
47,-5246
47,10482
47,-154910
47,14290
47,89186
47,10610
47,169250
47,58210
47,97266
47,-80446
47,-30430
47,148930
47,-30990
47,46594
47,20098
47,-159262
47,142322
47,-7454
47,-134174
47,6946
47,-188478
47,-73822
47,-143390
47,-70830
47,148930
47,-68734
47,40434
47,2866
47,51746
47,-119262
47,-94126
47,188482
47,8898
47,196498
47,126610
47,47554
47,145442
47,86114
47,17250
47,187106
47,-22622
47,-128158
47,-155390
47,161890
47,138850
47,163906
47,123826
47,-62494
47,-5694
47,30306
47,-28750
47,-177886
47,-15326
47,-138526
47,-183134
47,-38366
47,-63550
47,82018
47,8738
47,206914
47,-11390
47,92290
47,-119374
47,-3870
47,2178
47,81138
47,-171422
47,-766
47,2626
47,-24574
47,-20030
47,51938
47,-75630
47,-195278
47,-153214
47,-108830
47,83554
47,-24046
47,176610
47,25090
47,-125918
47,-1390
47,-58974
47,-178334
47,24034
47,-54606
47,5858
47,-38718
47,21730
47,59330
47,117858
47,143842
47,-105758
47,-197342
47,127906
47,20642
47,-59838
47,-7470
47,128210
47,-131086
47,80034
47,27410
47,-63966
47,7170
47,-88766
47,125890
47,-100782
47,84514
47,166994
47,-65182
47,86178
47,-86430
47,-64910
47,112610
47,140610
47,125266
47,2146
47,-23646
47,-10462
47,126818
47,-177182
47,-149086
47,148434
47,91042
47,30674
47,-28574
47,27186
47,-105886
47,-138958
47,-75422
47,-93790
47,-103006
47,51874
47,38466
47,-73406
47,170130
47,-5790
47,-45342
47,54434
47,45842
47,143394
47,67986
47,64930
47,-4894
47,-22430
47,125698
47,13666
47,55154
47,-112190
47,160418
47,-92606
47,82466
47,-176142
47,-11870
47,-100462
47,28354
47,-180334
47,114914
47,158082
47,84226
47,85474
47,142626
47,-81054
47,-4574
47,61986
47,-44766
47,20690
47,179570
47,146194
47,108962
47,-101150
47,-76110
47,-28974
47,-174942
47,-56510
47,58594
47,106114
47,-29374
47,-164494
47,95010
47,56258
47,-99294
47,39506
47,-7166
47,121490
47,-93310
47,-16414
47,192338
47,123874
47,-4414
47,105922
47,105154
47,-124766
47,-19390
47,129698
47,-96078
47,-149822
47,-156958
47,2210
47,165026
47,-72958
47,-44590
47,-135854
47,70050
47,80994
47,39074
47,-12094
47,136098
47,35746
47,155010
47,22930
47,39970
47,-15710
47,31970
47,88418
47,-254
47,15042
47,-8030
47,-45470
47,-17246
47,117922
47,-21406
47,-60622
47,10946
47,162274
47,40930
47,-115950
47,-60366
47,52642
47,-35422
47,12258
47,18594
47,-32654
47,-48350
47,-154030
47,175298
47,141474
47,-144094
47,-36462
47,44402
47,-85534
47,125346
47,72050
47,-28814
47,-28702
47,-18094
47,-118638
47,-28846
47,88866
47,108594
47,58850
47,-11902
47,-71502
47,-1742
47,-86206
47,123490
47,-206750
47,58178
47,169346
47,-182718
47,57538
47,-139742
47,-111198
47,-145822
47,-17998
47,109474
47,-93150
47,-43102
47,25346
47,-65342
47,-91726
47,-97454
47,-187678
47,-16350
47,-90750
47,-41438
47,69810
47,-141758
47,-84526
47,-65278
47,-116574
47,3810
47,-21470
47,65314
47,-43758
47,-64798
47,-79886
47,-12942
47,24994
47,154018
47,-157982
47,15954
47,-109326
47,-62270
47,-50510
47,12674
47,1378
47,-179438
47,180130
47,-108126
47,-94478
47,-153758
47,101666
47,-85582
47,-47198
47,-160030
47,-35198
47,-186174
47,-112958
47,61618
47,-2654
47,2050
47,-87134
47,107010
47,25954
47,144386
47,-89550
47,-148270
47,185458
47,-158430
47,-50910
47,29154
47,-129086
47,67170
47,80386
47,-64398
47,138450
47,-147550
47,-33406
47,-115918
47,13570
47,28642
47,-22926
47,117538
47,167586
47,92898
47,-151054
47,168578
47,-27870
47,-105150
47,85410
47,-42142
47,142866
47,-182750
47,140322
47,-71374
47,15490
47,82514
47,-143758
47,185490
47,-33150
47,-26094
47,89762
47,154434
47,123634
47,81250
47,-32798
47,-12766
47,19090
47,-43166
47,54034
47,77474
47,45490
47,-85982
47,-9950
47,39394
47,64210
47,3074
47,10338
47,119330
47,-187406
47,-96670
47,-110494
47,-85950
47,23506
47,144434
47,-81374
47,89058
47,-64366
47,-149758
47,-5726
47,-115646
47,37154
47,64834
47,82210
47,19906
47,-31774
47,-43486
47,29538
47,27746
47,-2126
47,70034
47,-26526
47,25122
47,4066
47,-112670
47,49202
47,78818
47,-154206
47,73138
47,13762
47,69602
47,-167054
47,-185054
47,103778
47,84610
47,-111710
47,164002
47,-105358
47,133426
47,-75470
47,10274
47,145698
47,-1230
47,175682
47,-71198
47,16162
47,55234
47,-117342
47,-80830
47,138802
47,-148190
47,-42014
47,-26142
47,-86974
47,-83886
47,116386
47,136450
47,74466
47,-41438
47,-157726
47,90834
47,128162
47,-149278
47,47458
47,-35550
47,108514
47,126946
47,52194
47,-56062
47,-14078
47,-144670
47,71554
47,91426
47,6274
47,-99934
47,-117022
47,-2846
47,-37918
47,-55838
47,-110046
47,129762
47,66754
47,-29822
47,-66526
47,8242
47,-30110
47,-191902
47,46274
47,68290
47,-30350
47,-149534
47,29570
47,9650
47,108578
47,41186
47,-115838
47,-76718
47,-190190
47,-91678
47,4994
47,-155150
47,12482
47,-90494
47,-188382
47,-60430
47,86690
47,49810
47,-64750
47,-121694
47,32210
47,-106910
47,94690
47,101410
47,-96862
47,23394
47,-17566
47,-81118
47,-91390
47,-54574
47,115490
47,158258
47,67362
47,110130
47,36386
47,-13278
47,15682
47,46274
47,-3950
47,60130
47,164130
47,-174782
47,28130
47,-132206
47,60770
47,146082
47,154018
47,21026
47,-188030
47,110626
47,7970
47,-135614
47,-179486
47,-109054
47,-112670
47,-74334
47,-48750
47,137826
47,-92734
47,-72718
47,-103326
47,-3326
47,-96190
47,-150446
47,-22430
47,194
47,30674
47,125858
47,160770
47,101090
47,139810
47,-130590
47,-102686
47,-53950
47,-121054
47,65410
47,-47518
47,-167134
47,-66494
47,19554
47,-59934
47,-182974
47,23010
47,149186
47,-43486
47,-41662
47,-79070
47,139394
47,105634
47,64610
47,-42078
47,7394
47,-52126
47,-134366
47,183234
47,67458
47,25634
47,-109038
47,30194
47,103970
47,-9406
47,18146
47,124354
47,155826
47,-48606
47,34258
47,81602
47,16434
47,-193390
47,88850
47,-10830
47,84706
47,164930
47,12514
47,110626
47,114146
47,-91966
47,120802
47,-60334
47,-15550
47,-23070
47,10018
47,124674
47,-73246
47,44834
47,13570
47,-44734
47,-29822
47,-176766
47,-5998
47,125954
47,-47038
47,-160542
47,7746
47,-85630
47,75810
47,138018
47,1762
47,108066
47,194850
47,35714
47,9234
47,117538
47,-74590
47,-168766
47,-20094
47,-91902
47,54258
47,-159870
47,-93022
47,203554
47,-15070
47,79602
47,-98462
47,8866
47,4514
47,113986
47,-20702
47,-43038
47,108146
47,-37310
47,79666
47,46930
47,-82094
47,-87198
47,102626
47,14690
47,60322
47,-180638
47,-10078
47,172834
47,147426
47,33186
47,-107102
47,28450
47,-103326
47,67522
47,29330
47,34546
47,140594
47,42082
47,8418
47,-52718
47,140450
47,-171262
47,-18974
47,-8510
47,58706
47,18530
47,-97182
47,-131550
47,-141086
47,-126686
47,184258
47,-125566
47,-56542
47,21314
47,122386
47,-128446
47,72802
47,-149246
47,161570
47,34914
47,138530
47,-91166
47,-103070
47,-93182
47,-1118
47,112546
47,-137758
47,57634
47,58882
47,-182942
47,-1694
47,770
47,39618
47,-63246
47,-38350
47,-2190
47,-2206
47,-79486
47,-135550
47,9890
47,-56030
47,-33070
47,-45598
47,92050
47,-20910
47,-205790
47,-99790
47,-156382
47,156898
47,19842
47,-35486
47,111714
47,141762
47,-117982
47,29570
47,116514
47,-45470
47,-135870
47,-117934
47,-173726
47,498
47,-108094
47,-1246
47,-158430
47,5666
47,-91118
47,-6366
47,139938
47,60514
47,159266
47,-146142
47,180930
47,55394
47,-195182
47,-82990
47,35554
47,39170
47,49826
47,3074
47,57650
47,-98174
47,89250
47,118354
47,-91422
47,77474
47,-21758
47,170082
47,-53822
47,-125502
47,-172286
47,-94430
47,-175550
47,-23550
47,-30430
47,-22926
47,-154670
47,-62366
47,-48926
47,49954
47,-22942
47,54578
47,101218
47,89570
47,28706
47,74210
47,-20030
47,-13598
47,130402
47,6738
47,49378
47,-45326
47,105986
47,-16734
47,-93278
47,29010
47,31202
47,-47982
47,105442
47,159394
47,-47710
47,-35230
47,54690
47,-670
47,116994
47,-124510
47,56050
47,145906
47,-57694
47,63010
47,64002
47,-55838
47,110210
47,-138366
47,173090
47,-98142
47,122210
47,-152766
47,157730
47,110306
47,-144030
47,-160238
47,-128446
47,123362
47,107042
47,172898
47,-187742
47,126178
47,189314
47,72210
47,67106
47,26130
47,-67374
47,-104222
47,-32654
47,-202110
47,87810
47,-61614
47,-43038
47,60194
47,-36894
47,-446
47,-606
47,-77150
47,-59294
47,156226
47,-47774
47,94034
47,-132702
47,48514
47,134066
47,57890
47,127858
47,123170
47,-191294
47,-111326
47,-161246
47,111522
47,176546
47,36738
47,-191886
47,6834
47,101730
47,160994
47,-111134
47,88226
47,26930
47,-14686
47,107714
47,98530
47,-32718
47,-143662
47,114146
47,103010
47,97250
47,120290
47,9394
47,87858
47,13058
47,-414
47,-68382
47,74994
47,130930
47,-38158
47,102610
47,102754
47,178978
47,-170574
47,114978
47,-8414
47,48994
47,75746
47,-28894
47,-180990
47,74722
47,4082
47,-66206
47,166626
47,-194462
47,-73214
47,119410
47,-154526
47,59250
47,7922
47,-25342
47,-51838
47,-62782
47,-147198
47,-115038
47,9346
47,-32926
47,-67934
47,-69950
47,-51358
47,-173838
47,88594
47,-124094
47,47202
47,-105310
47,66434
47,-161534
47,-28206
47,-82910
47,-39566
47,198626
47,-39566
47,169954
47,-63246
47,-134078
47,-36222
47,-124318
47,157186
47,-74270
47,36834
47,-13022
47,190434
47,-75614
47,-120238
47,-24622
47,-138846
47,92434
47,2978
47,132642
47,-121102
47,183074
47,184610
47,-87950
47,-137614
47,181730
47,-103902
47,-168350
47,-96638
47,85570
47,-146014
47,-81918
47,38658
47,84738
47,-114910
47,7586
47,47234
47,-82622
47,64994
47,91522
47,24082
47,156434
47,-49182
47,114722
47,-172190
47,54946
47,15330
47,43426
47,-13726
47,-7822
47,129890
47,-143246
47,149602
47,131106
47,-135214
47,114146
47,-16078
47,101506
47,-60382
47,-54046
47,-110174
47,-32542
47,-43694
47,17890
47,-81438
47,136130
47,1602
47,-38782
47,-44318
47,115106
47,7394
47,-28894
47,57858
47,-159118
47,183010
47,-94142
47,-127326
47,54594
47,128290
47,2850
47,119170
47,109330
47,40114
47,-127902
47,22178
47,83986
47,69794
47,83554
47,-149726
47,-33534
47,158066
47,69506
47,174706
47,-35518
47,4658
47,22114
47,113186
47,41954
47,-188510
47,124066
47,62242
47,147426
47,205154
47,-162798
47,61490
47,-156334
47,-80030
47,-5278
47,44834
47,-56382
47,109778
47,117394
47,83954
47,86258
47,16162
47,-45502
47,59826
47,-128078
47,-126798
47,173682
47,-55054
47,95314
47,-184542
47,201954
47,-153374
47,-149534
47,-96222
47,115586
47,-134958
47,69570
47,184930
47,-78926
47,26834
47,46290
47,-542
47,-122014
47,101970
47,16866
47,184018
47,-8526
47,18226
47,63186
47,-34526
47,50402
47,-33406
47,47810
47,-70942
47,-125086
47,-70494
47,115394
47,-61182
47,177570
47,-101374
47,-68350
47,148674
47,48562
47,-175454
47,-142798
47,-131678
47,-201182
47,92066
47,30050
47,70882
47,-71966
47,111074
47,47090
47,-68350
47,-183646
47,87874
47,-55838
47,-3390
47,53794
47,117442
47,-29182
47,99906
47,-35358
47,121474
47,-140702
47,100642
47,186914
47,-99038
47,-156574
47,-89630
47,-93166
47,56450
47,-94686
47,-38878
47,114530
47,26530
47,-84958
47,83298
47,-51054
47,-108782
47,108130
47,-152254
47,-173374
47,-73342
47,190434
47,19042
47,29314
47,-179198
47,-46302
47,-53022
47,-122430
47,-97710
47,149090
47,27106
47,-162974
47,19858
47,167378
47,126402
47,-132670
47,60770
47,-61854
47,-9998
47,-37214
47,-31774
47,91746
47,10594
47,-44030
47,107714
47,150786
47,-127710
47,157954
47,-151166
47,7410
47,1186
47,20066
47,79490
47,-58238
47,-45406
47,178466
47,64226
47,-36638
47,-55326
47,24290
47,39122
47,-16222
47,-43742
47,-119070
47,-47006
47,-13486
47,126722
47,-178670
47,-76574
47,-53262
47,190450
47,3698
47,-14494
47,39778
47,143458
47,-17934
47,106002
47,-175518
