p,q,trace,weak_representatives,fundamental_discriminant,frobenius_2_depth,two_split,v2_delta_quarter,class_number_odd,trace_status
7,49,-686,0,,,,,,nonordinary_or_unrealized
7,49,-682,0,-152,1,0,3,0,ordinary
7,49,-678,0,-2728,1,0,3,0,ordinary
7,49,-674,0,-255,3,1,4,0,ordinary
7,49,-670,0,-339,3,-1,4,0,ordinary
7,49,-666,0,-40,1,0,3,0,ordinary
7,49,-662,0,-8088,1,0,3,0,ordinary
7,49,-658,0,,,,,,nonordinary_or_unrealized
7,49,-654,24,-2680,2,0,5,0,ordinary
7,49,-650,0,-1336,1,0,3,0,ordinary
7,49,-646,0,-1480,1,0,3,0,ordinary
7,49,-642,0,-3652,2,0,4,0,ordinary
7,49,-638,12,-3972,2,0,4,0,ordinary
7,49,-634,0,-17160,1,0,3,0,ordinary
7,49,-630,0,,,,,,nonordinary_or_unrealized
7,49,-626,12,-4920,2,0,5,0,ordinary
7,49,-622,34,-327,4,1,6,0,ordinary
7,49,-618,0,-22168,1,0,3,0,ordinary
7,49,-614,0,-104,1,0,3,0,ordinary
7,49,-610,0,-19,3,-1,4,1,ordinary
7,49,-606,24,-1615,3,1,4,0,ordinary
7,49,-602,0,,,,,,nonordinary_or_unrealized
7,49,-598,0,-28248,1,0,3,0,ordinary
7,49,-594,48,-115,5,-1,8,0,ordinary
7,49,-590,12,-7656,2,0,5,0,ordinary
7,49,-586,0,-1272,1,0,3,0,ordinary
7,49,-582,0,-32968,1,0,3,0,ordinary
7,49,-578,24,-948,2,0,4,0,ordinary
7,49,-574,0,,,,,,nonordinary_or_unrealized
7,49,-570,0,-36424,1,0,3,0,ordinary
7,49,-566,0,-37560,1,0,3,0,ordinary
7,49,-562,12,-9672,2,0,5,0,ordinary
7,49,-558,24,-2488,3,0,7,0,ordinary
7,49,-554,0,-40920,1,0,3,0,ordinary
7,49,-550,0,-42024,1,0,3,0,ordinary
7,49,-546,0,,,,,,nonordinary_or_unrealized
7,49,-542,24,-307,3,-1,4,1,ordinary
7,49,-538,0,-5032,1,0,3,0,ordinary
7,49,-534,0,-46360,1,0,3,0,ordinary
7,49,-530,36,-2964,3,0,6,0,ordinary
7,49,-526,12,-12120,2,0,5,0,ordinary
7,49,-522,0,-49528,1,0,3,0,ordinary
7,49,-518,0,,,,,,nonordinary_or_unrealized
7,49,-514,36,-516,2,0,4,0,ordinary
7,49,-510,24,-13156,2,0,4,0,ordinary
7,49,-506,0,-5960,1,0,3,0,ordinary
7,49,-502,0,-6072,1,0,3,0,ordinary
7,49,-498,12,-13912,2,0,5,0,ordinary
7,49,-494,96,-3540,3,0,6,0,ordinary
7,49,-490,0,,,,,,nonordinary_or_unrealized
7,49,-486,0,-2344,1,0,3,0,ordinary
7,49,-482,12,-3723,3,-1,4,0,ordinary
7,49,-478,0,-3783,3,1,4,0,ordinary
7,49,-474,0,-61480,1,0,3,0,ordinary
7,49,-470,0,-24,1,0,3,0,ordinary
7,49,-466,108,-440,3,0,7,0,ordinary
7,49,-462,0,,,,,,nonordinary_or_unrealized
7,49,-458,0,-65208,1,0,3,0,ordinary
7,49,-454,0,-66120,1,0,3,0,ordinary
7,49,-450,12,-16756,2,0,4,0,ordinary
7,49,-446,12,-16980,2,0,4,0,ordinary
7,49,-442,0,-68808,1,0,3,0,ordinary
7,49,-438,0,-69688,1,0,3,0,ordinary
7,49,-434,0,,,,,,nonordinary_or_unrealized
7,49,-430,119,-31,5,1,8,1,ordinary
7,49,-426,0,-72280,1,0,3,0,ordinary
7,49,-422,0,-73128,1,0,3,0,ordinary
7,49,-418,24,-4623,3,1,4,0,ordinary
7,49,-414,0,-187,3,-1,4,0,ordinary
7,49,-410,0,-75624,1,0,3,0,ordinary
7,49,-406,0,,,,,,nonordinary_or_unrealized
7,49,-402,60,-1207,4,1,6,0,ordinary
7,49,-398,36,-2168,2,0,5,0,ordinary
7,49,-394,0,-8760,1,0,3,0,ordinary
7,49,-390,0,-79624,1,0,3,0,ordinary
7,49,-386,12,-804,2,0,4,0,ordinary
7,49,-382,24,-20292,2,0,4,0,ordinary
7,49,-378,0,,,,,,nonordinary_or_unrealized
7,49,-374,0,-82680,1,0,3,0,ordinary
7,49,-370,36,-20856,2,0,5,0,ordinary
7,49,-366,60,-1315,4,-1,6,0,ordinary
7,49,-362,0,-1048,1,0,3,0,ordinary
7,49,-358,0,-9512,1,0,3,0,ordinary
7,49,-354,0,-5395,3,-1,4,0,ordinary
7,49,-350,0,,,,,,nonordinary_or_unrealized
7,49,-346,0,-87720,1,0,3,0,ordinary
7,49,-342,0,-88408,1,0,3,0,ordinary
7,49,-338,42,-87,6,1,10,0,ordinary
7,49,-334,12,-22440,2,0,5,0,ordinary
7,49,-330,0,-90424,1,0,3,0,ordinary
7,49,-326,0,-10120,1,0,3,0,ordinary
7,49,-322,0,,,,,,nonordinary_or_unrealized
7,49,-318,0,-23092,2,0,4,0,ordinary
7,49,-314,0,-3720,1,0,3,0,ordinary
7,49,-310,0,-93624,1,0,3,0,ordinary
7,49,-306,48,-23560,2,0,5,0,ordinary
7,49,-302,48,-5928,3,0,7,0,ordinary
7,49,-298,0,-95448,1,0,3,0,ordinary
7,49,-294,0,,,,,,nonordinary_or_unrealized
7,49,-290,24,-671,3,1,4,0,ordinary
7,49,-286,47,-3,3,-1,4,1,ordinary
7,49,-282,0,-808,1,0,3,0,ordinary
7,49,-278,0,-98328,1,0,3,0,ordinary
7,49,-274,48,-6180,3,0,6,0,ordinary
7,49,-270,24,-24856,2,0,5,0,ordinary
7,49,-266,0,,,,,,nonordinary_or_unrealized
7,49,-262,0,-100488,1,0,3,0,ordinary
7,49,-258,12,-25252,2,0,4,0,ordinary
7,49,-254,24,-2820,2,0,4,0,ordinary
7,49,-250,0,-11336,1,0,3,0,ordinary
7,49,-246,0,-102520,1,0,3,0,ordinary
7,49,-242,24,-25752,2,0,5,0,ordinary
7,49,-238,0,,,,,,nonordinary_or_unrealized
7,49,-234,0,-103960,1,0,3,0,ordinary
7,49,-230,0,-104424,1,0,3,0,ordinary
7,49,-226,24,-6555,3,-1,4,0,ordinary
7,49,-222,0,-6583,3,1,4,0,ordinary
7,49,-218,0,-11752,1,0,3,0,ordinary
7,49,-214,0,-472,1,0,3,0,ordinary
7,49,-210,0,,,,,,nonordinary_or_unrealized
7,49,-206,48,-26760,2,0,5,0,ordinary
7,49,-202,0,-888,1,0,3,0,ordinary
7,49,-198,0,-107848,1,0,3,0,ordinary
7,49,-194,12,-27060,2,0,4,0,ordinary
7,49,-190,24,-27156,2,0,4,0,ordinary
7,49,-186,0,-4360,1,0,3,0,ordinary
7,49,-182,0,,,,,,nonordinary_or_unrealized
7,49,-178,48,-3048,2,0,5,0,ordinary
7,49,-174,72,-1720,4,0,9,0,ordinary
7,49,-170,0,-110424,1,0,3,0,ordinary
7,49,-166,0,-110760,1,0,3,0,ordinary
7,49,-162,36,-6943,3,1,4,0,ordinary
7,49,-158,24,-6963,3,-1,4,0,ordinary
7,49,-154,0,,,,,,nonordinary_or_unrealized
7,49,-150,0,-112024,1,0,3,0,ordinary
7,49,-146,168,-195,4,-1,6,0,ordinary
7,49,-142,60,-3128,2,0,5,0,ordinary
7,49,-138,0,-112888,1,0,3,0,ordinary
7,49,-134,0,-113160,1,0,3,0,ordinary
7,49,-130,24,-28356,2,0,4,0,ordinary
7,49,-126,0,,,,,,nonordinary_or_unrealized
7,49,-122,0,-113928,1,0,3,0,ordinary
7,49,-118,0,-114168,1,0,3,0,ordinary
7,49,-114,36,-1144,2,0,5,0,ordinary
7,49,-110,174,-199,4,1,6,1,ordinary
7,49,-106,0,-12760,1,0,3,0,ordinary
7,49,-102,0,-115048,1,0,3,0,ordinary
7,49,-98,0,,,,,,nonordinary_or_unrealized
7,49,-94,24,-7215,3,1,4,0,ordinary
7,49,-90,0,-115624,1,0,3,0,ordinary
7,49,-86,0,-4632,1,0,3,0,ordinary
7,49,-82,72,-1812,4,0,8,0,ordinary
7,49,-78,24,-29032,2,0,5,0,ordinary
7,49,-74,0,-12920,1,0,3,0,ordinary
7,49,-70,0,,,,,,nonordinary_or_unrealized
7,49,-66,12,-29140,2,0,4,0,ordinary
7,49,-62,12,-29172,2,0,4,0,ordinary
7,49,-58,0,-116808,1,0,3,0,ordinary
7,49,-54,0,-116920,1,0,3,0,ordinary
7,49,-50,72,-29256,2,0,5,0,ordinary
7,49,-46,48,-7320,3,0,7,0,ordinary
7,49,-42,0,,,,,,nonordinary_or_unrealized
7,49,-38,0,-1448,1,0,3,0,ordinary
7,49,-34,24,-815,3,1,4,0,ordinary
7,49,-30,0,-7339,3,-1,4,0,ordinary
7,49,-26,0,-117480,1,0,3,0,ordinary
7,49,-22,0,-117528,1,0,3,0,ordinary
7,49,-18,60,-7348,3,0,6,0,ordinary
7,49,-14,0,,,,,,nonordinary_or_unrealized
7,49,-10,0,-696,1,0,3,0,ordinary
7,49,-6,0,-117640,1,0,3,0,ordinary
7,49,-2,12,-3268,2,0,4,0,ordinary
7,49,2,11,-3268,2,0,4,0,ordinary
7,49,6,0,-117640,1,0,3,0,ordinary
7,49,10,0,-696,1,0,3,0,ordinary
7,49,14,0,,,,,,nonordinary_or_unrealized
7,49,18,60,-7348,3,0,6,0,ordinary
7,49,22,0,-117528,1,0,3,0,ordinary
7,49,26,0,-117480,1,0,3,0,ordinary
7,49,30,0,-7339,3,-1,4,0,ordinary
7,49,34,24,-815,3,1,4,0,ordinary
7,49,38,0,-1448,1,0,3,0,ordinary
7,49,42,0,,,,,,nonordinary_or_unrealized
7,49,46,48,-7320,3,0,7,0,ordinary
7,49,50,72,-29256,2,0,5,0,ordinary
7,49,54,0,-116920,1,0,3,0,ordinary
7,49,58,0,-116808,1,0,3,0,ordinary
7,49,62,12,-29172,2,0,4,0,ordinary
7,49,66,12,-29140,2,0,4,0,ordinary
7,49,70,0,,,,,,nonordinary_or_unrealized
7,49,74,0,-12920,1,0,3,0,ordinary
7,49,78,24,-29032,2,0,5,0,ordinary
7,49,82,72,-1812,4,0,8,0,ordinary
7,49,86,0,-4632,1,0,3,0,ordinary
7,49,90,0,-115624,1,0,3,0,ordinary
7,49,94,24,-7215,3,1,4,0,ordinary
7,49,98,0,,,,,,nonordinary_or_unrealized
7,49,102,0,-115048,1,0,3,0,ordinary
7,49,106,0,-12760,1,0,3,0,ordinary
7,49,110,174,-199,4,1,6,1,ordinary
7,49,114,36,-1144,2,0,5,0,ordinary
7,49,118,0,-114168,1,0,3,0,ordinary
7,49,122,0,-113928,1,0,3,0,ordinary
7,49,126,0,,,,,,nonordinary_or_unrealized
7,49,130,24,-28356,2,0,4,0,ordinary
7,49,134,0,-113160,1,0,3,0,ordinary
7,49,138,0,-112888,1,0,3,0,ordinary
7,49,142,60,-3128,2,0,5,0,ordinary
7,49,146,168,-195,4,-1,6,0,ordinary
7,49,150,0,-112024,1,0,3,0,ordinary
7,49,154,0,,,,,,nonordinary_or_unrealized
7,49,158,24,-6963,3,-1,4,0,ordinary
7,49,162,36,-6943,3,1,4,0,ordinary
7,49,166,0,-110760,1,0,3,0,ordinary
7,49,170,0,-110424,1,0,3,0,ordinary
7,49,174,72,-1720,4,0,9,0,ordinary
7,49,178,48,-3048,2,0,5,0,ordinary
7,49,182,0,,,,,,nonordinary_or_unrealized
7,49,186,0,-4360,1,0,3,0,ordinary
7,49,190,24,-27156,2,0,4,0,ordinary
7,49,194,12,-27060,2,0,4,0,ordinary
7,49,198,0,-107848,1,0,3,0,ordinary
7,49,202,0,-888,1,0,3,0,ordinary
7,49,206,48,-26760,2,0,5,0,ordinary
7,49,210,0,,,,,,nonordinary_or_unrealized
7,49,214,0,-472,1,0,3,0,ordinary
7,49,218,0,-11752,1,0,3,0,ordinary
7,49,222,0,-6583,3,1,4,0,ordinary
7,49,226,24,-6555,3,-1,4,0,ordinary
7,49,230,0,-104424,1,0,3,0,ordinary
7,49,234,0,-103960,1,0,3,0,ordinary
7,49,238,0,,,,,,nonordinary_or_unrealized
7,49,242,24,-25752,2,0,5,0,ordinary
7,49,246,0,-102520,1,0,3,0,ordinary
7,49,250,0,-11336,1,0,3,0,ordinary
7,49,254,24,-2820,2,0,4,0,ordinary
7,49,258,12,-25252,2,0,4,0,ordinary
7,49,262,0,-100488,1,0,3,0,ordinary
7,49,266,0,,,,,,nonordinary_or_unrealized
7,49,270,24,-24856,2,0,5,0,ordinary
7,49,274,48,-6180,3,0,6,0,ordinary
7,49,278,0,-98328,1,0,3,0,ordinary
7,49,282,0,-808,1,0,3,0,ordinary
7,49,286,48,-3,3,-1,4,1,ordinary
7,49,290,24,-671,3,1,4,0,ordinary
7,49,294,0,,,,,,nonordinary_or_unrealized
7,49,298,0,-95448,1,0,3,0,ordinary
7,49,302,48,-5928,3,0,7,0,ordinary
7,49,306,48,-23560,2,0,5,0,ordinary
7,49,310,0,-93624,1,0,3,0,ordinary
7,49,314,0,-3720,1,0,3,0,ordinary
7,49,318,0,-23092,2,0,4,0,ordinary
7,49,322,0,,,,,,nonordinary_or_unrealized
7,49,326,0,-10120,1,0,3,0,ordinary
7,49,330,0,-90424,1,0,3,0,ordinary
7,49,334,12,-22440,2,0,5,0,ordinary
7,49,338,42,-87,6,1,10,0,ordinary
7,49,342,0,-88408,1,0,3,0,ordinary
7,49,346,2,-87720,1,0,3,0,ordinary
7,49,350,0,,,,,,nonordinary_or_unrealized
7,49,354,0,-5395,3,-1,4,0,ordinary
7,49,358,0,-9512,1,0,3,0,ordinary
7,49,362,0,-1048,1,0,3,0,ordinary
7,49,366,60,-1315,4,-1,6,0,ordinary
7,49,370,36,-20856,2,0,5,0,ordinary
7,49,374,0,-82680,1,0,3,0,ordinary
7,49,378,0,,,,,,nonordinary_or_unrealized
7,49,382,24,-20292,2,0,4,0,ordinary
7,49,386,12,-804,2,0,4,0,ordinary
7,49,390,0,-79624,1,0,3,0,ordinary
7,49,394,0,-8760,1,0,3,0,ordinary
7,49,398,36,-2168,2,0,5,0,ordinary
7,49,402,60,-1207,4,1,6,0,ordinary
7,49,406,0,,,,,,nonordinary_or_unrealized
7,49,410,0,-75624,1,0,3,0,ordinary
7,49,414,0,-187,3,-1,4,0,ordinary
7,49,418,24,-4623,3,1,4,0,ordinary
7,49,422,0,-73128,1,0,3,0,ordinary
7,49,426,0,-72280,1,0,3,0,ordinary
7,49,430,120,-31,5,1,8,1,ordinary
7,49,434,1,,,,,,nonordinary_or_unrealized
7,49,438,0,-69688,1,0,3,0,ordinary
7,49,442,0,-68808,1,0,3,0,ordinary
7,49,446,12,-16980,2,0,4,0,ordinary
7,49,450,12,-16756,2,0,4,0,ordinary
7,49,454,0,-66120,1,0,3,0,ordinary
7,49,458,0,-65208,1,0,3,0,ordinary
7,49,462,0,,,,,,nonordinary_or_unrealized
7,49,466,108,-440,3,0,7,0,ordinary
7,49,470,0,-24,1,0,3,0,ordinary
7,49,474,0,-61480,1,0,3,0,ordinary
7,49,478,0,-3783,3,1,4,0,ordinary
7,49,482,12,-3723,3,-1,4,0,ordinary
7,49,486,0,-2344,1,0,3,0,ordinary
7,49,490,0,,,,,,nonordinary_or_unrealized
7,49,494,96,-3540,3,0,6,0,ordinary
7,49,498,12,-13912,2,0,5,0,ordinary
7,49,502,0,-6072,1,0,3,0,ordinary
7,49,506,0,-5960,1,0,3,0,ordinary
7,49,510,24,-13156,2,0,4,0,ordinary
7,49,514,36,-516,2,0,4,0,ordinary
7,49,518,0,,,,,,nonordinary_or_unrealized
7,49,522,0,-49528,1,0,3,0,ordinary
7,49,526,12,-12120,2,0,5,0,ordinary
7,49,530,36,-2964,3,0,6,0,ordinary
7,49,534,0,-46360,1,0,3,0,ordinary
7,49,538,0,-5032,1,0,3,0,ordinary
7,49,542,24,-307,3,-1,4,1,ordinary
7,49,546,0,,,,,,nonordinary_or_unrealized
7,49,550,0,-42024,1,0,3,0,ordinary
7,49,554,1,-40920,1,0,3,0,ordinary
7,49,558,24,-2488,3,0,7,0,ordinary
7,49,562,12,-9672,2,0,5,0,ordinary
7,49,566,0,-37560,1,0,3,0,ordinary
7,49,570,0,-36424,1,0,3,0,ordinary
7,49,574,0,,,,,,nonordinary_or_unrealized
7,49,578,24,-948,2,0,4,0,ordinary
7,49,582,0,-32968,1,0,3,0,ordinary
7,49,586,0,-1272,1,0,3,0,ordinary
7,49,590,12,-7656,2,0,5,0,ordinary
7,49,594,48,-115,5,-1,8,0,ordinary
7,49,598,0,-28248,1,0,3,0,ordinary
7,49,602,0,,,,,,nonordinary_or_unrealized
7,49,606,24,-1615,3,1,4,0,ordinary
7,49,610,1,-19,3,-1,4,1,ordinary
7,49,614,0,-104,1,0,3,0,ordinary
7,49,618,0,-22168,1,0,3,0,ordinary
7,49,622,36,-327,4,1,6,0,ordinary
7,49,626,12,-4920,2,0,5,0,ordinary
7,49,630,0,,,,,,nonordinary_or_unrealized
7,49,634,0,-17160,1,0,3,0,ordinary
7,49,638,12,-3972,2,0,4,0,ordinary
7,49,642,0,-3652,2,0,4,0,ordinary
7,49,646,0,-1480,1,0,3,0,ordinary
7,49,650,0,-1336,1,0,3,0,ordinary
7,49,654,24,-2680,2,0,5,0,ordinary
7,49,658,0,,,,,,nonordinary_or_unrealized
7,49,662,0,-8088,1,0,3,0,ordinary
7,49,666,0,-40,1,0,3,0,ordinary
7,49,670,0,-339,3,-1,4,0,ordinary
7,49,674,0,-255,3,1,4,0,ordinary
7,49,678,0,-2728,1,0,3,0,ordinary
7,49,682,0,-152,1,0,3,0,ordinary
7,49,686,3,,,,,,nonordinary_or_unrealized
