target	repetition	arm	run_id	input_sha256	candidate_sha256	workload_id
1	1	inherited_f4	IC1N17Ckb1fb62PDP3f4RCsampleLAgaussTDpdpISO0hcc1d325952bbW146a1e9ee3c8R1	0d901496d15338b72d8a36f497444c706d6af27eee92d4e5cbd5121143bd3819	f22e79ba348540bf94e2100f3727b9bba6137e00a89145025a1dfb154881b1e2	146a1e9ee3c8
1	1	f6_ic	IC1N17Ckb1fb62PDP3f6RCsampleLAgaussTDpdpISO0h4ce8ac0a9421W146a1e9ee3c8R1	d41eade68f692ef912c0161ef21bfdab4ce31c81c108553fbd9491623333883a	48ddbe055eb61204fb3e23a385d869554c0446270f60c18f36fcd8ee266f4956	146a1e9ee3c8
1	1	inherited_f4_direct	IC1N17Ckb1fb62PDP3f4RCsampleLAgaussTDpdpISO0h3766e74243ccW146a1e9ee3c8R1	28f762590788e49c49c260ce22bff3f2857cea8415d7e8ccc06d380c9f12e457	0e3a52f23a4bcc92395fbca1f6c95b87f92012ae150b095d9e0eff0c8470fbcd	146a1e9ee3c8
1	1	f6_ic_direct	IC1N17Ckb1fb62PDP3f6RCsampleLAgaussTDpdpISO0h0a6aa3c431e9W146a1e9ee3c8R1	2eb32e2ba180a875ee12c612a07d4479b45ccef848e8e741b9dd45de72c239e0	6c1c0a7350d26e5996a49194899d1117de747f7bb6f241e6081ba31333e66efd	146a1e9ee3c8
1	2	f6_ic_direct	IC1N17Ckb1fb62PDP3f6RCsampleLAgaussTDpdpISO0h0a6aa3c431e9W146a1e9ee3c8R2	2eb32e2ba180a875ee12c612a07d4479b45ccef848e8e741b9dd45de72c239e0	6c1c0a7350d26e5996a49194899d1117de747f7bb6f241e6081ba31333e66efd	146a1e9ee3c8
1	2	inherited_f4_direct	IC1N17Ckb1fb62PDP3f4RCsampleLAgaussTDpdpISO0h3766e74243ccW146a1e9ee3c8R2	28f762590788e49c49c260ce22bff3f2857cea8415d7e8ccc06d380c9f12e457	0e3a52f23a4bcc92395fbca1f6c95b87f92012ae150b095d9e0eff0c8470fbcd	146a1e9ee3c8
1	2	f6_ic	IC1N17Ckb1fb62PDP3f6RCsampleLAgaussTDpdpISO0h4ce8ac0a9421W146a1e9ee3c8R2	d41eade68f692ef912c0161ef21bfdab4ce31c81c108553fbd9491623333883a	48ddbe055eb61204fb3e23a385d869554c0446270f60c18f36fcd8ee266f4956	146a1e9ee3c8
1	2	inherited_f4	IC1N17Ckb1fb62PDP3f4RCsampleLAgaussTDpdpISO0hcc1d325952bbW146a1e9ee3c8R2	0d901496d15338b72d8a36f497444c706d6af27eee92d4e5cbd5121143bd3819	f22e79ba348540bf94e2100f3727b9bba6137e00a89145025a1dfb154881b1e2	146a1e9ee3c8
7	1	f6_ic_direct	IC1N17Ckb1fb62PDP3f6RCsampleLAgaussTDpdpISO0h0a6aa3c431e9Wced1677f0976R1	6d722c776e834f54f91629b42584b259825004fc262a9e0d0c8c3f4d85e96613	6c1c0a7350d26e5996a49194899d1117de747f7bb6f241e6081ba31333e66efd	ced1677f0976
7	1	inherited_f4_direct	IC1N17Ckb1fb62PDP3f4RCsampleLAgaussTDpdpISO0h3766e74243ccWced1677f0976R1	5135770d988101a18b2aab6ed7ae7ae597b41ddffa2e9148f17528e126e2ab2f	0e3a52f23a4bcc92395fbca1f6c95b87f92012ae150b095d9e0eff0c8470fbcd	ced1677f0976
7	1	f6_ic	IC1N17Ckb1fb62PDP3f6RCsampleLAgaussTDpdpISO0h4ce8ac0a9421Wced1677f0976R1	2de0446f5935a8a587a92212cc02a8c5a808af77c025f295897c6c92cc7eca5d	48ddbe055eb61204fb3e23a385d869554c0446270f60c18f36fcd8ee266f4956	ced1677f0976
7	1	inherited_f4	IC1N17Ckb1fb62PDP3f4RCsampleLAgaussTDpdpISO0hcc1d325952bbWced1677f0976R1	41f8facbbd5ea6d5cb3616a6f142eae0411f99bdc0c700f8f0fde5fb1d39cf4e	f22e79ba348540bf94e2100f3727b9bba6137e00a89145025a1dfb154881b1e2	ced1677f0976
7	2	inherited_f4	IC1N17Ckb1fb62PDP3f4RCsampleLAgaussTDpdpISO0hcc1d325952bbWced1677f0976R2	41f8facbbd5ea6d5cb3616a6f142eae0411f99bdc0c700f8f0fde5fb1d39cf4e	f22e79ba348540bf94e2100f3727b9bba6137e00a89145025a1dfb154881b1e2	ced1677f0976
7	2	f6_ic	IC1N17Ckb1fb62PDP3f6RCsampleLAgaussTDpdpISO0h4ce8ac0a9421Wced1677f0976R2	2de0446f5935a8a587a92212cc02a8c5a808af77c025f295897c6c92cc7eca5d	48ddbe055eb61204fb3e23a385d869554c0446270f60c18f36fcd8ee266f4956	ced1677f0976
7	2	inherited_f4_direct	IC1N17Ckb1fb62PDP3f4RCsampleLAgaussTDpdpISO0h3766e74243ccWced1677f0976R2	5135770d988101a18b2aab6ed7ae7ae597b41ddffa2e9148f17528e126e2ab2f	0e3a52f23a4bcc92395fbca1f6c95b87f92012ae150b095d9e0eff0c8470fbcd	ced1677f0976
7	2	f6_ic_direct	IC1N17Ckb1fb62PDP3f6RCsampleLAgaussTDpdpISO0h0a6aa3c431e9Wced1677f0976R2	6d722c776e834f54f91629b42584b259825004fc262a9e0d0c8c3f4d85e96613	6c1c0a7350d26e5996a49194899d1117de747f7bb6f241e6081ba31333e66efd	ced1677f0976
