case,kind,p,n,m,observed_peak_z,null_q95_z,ratio,empirical_p
smooth,candidate,179,191,24,3.241323108,3.345203397,0.968946495,0.070278184
smooth,candidate,739,719,78,3.073515884,3.771279908,0.814979519,0.521229868
smooth,candidate,2749,2749,202,3.373551962,4.076141792,0.827633614,0.640800390
smooth,candidate,10177,10321,364,3.830838723,4.380662724,0.874488397,0.457296242
cf16,candidate,179,191,132,2.933756329,3.404250436,0.861792158,0.289897511
cf16,candidate,739,719,432,3.495734385,3.832599770,0.912105253,0.160566130
cf16,candidate,2749,2749,1550,3.169882718,4.111915568,0.770901704,0.884821864
cf16,candidate,10177,10321,5376,3.501543283,4.429093232,0.790577913,0.901903367
cantor3,candidate,179,191,16,2.567928453,3.227354066,0.795676087,0.579795022
cantor3,candidate,739,719,58,2.841702523,3.692270134,0.769635595,0.792093704
cantor3,candidate,2749,2749,134,3.555808486,4.076386953,0.872294149,0.361639824
cantor3,candidate,10177,10321,278,4.177231616,4.377831244,0.954178309,0.117130307
hamming,candidate,179,191,80,3.312175783,3.406826837,0.972217240,0.075646657
hamming,candidate,739,719,344,3.385726028,3.809188721,0.888831265,0.223523670
hamming,candidate,2749,2749,1362,3.713553580,4.103614587,0.904946968,0.233772572
hamming,candidate,10177,10321,5182,3.780346661,4.429126794,0.853519630,0.573938507
farey,candidate,179,191,28,2.541323345,3.314960903,0.766622418,0.665690581
farey,candidate,739,719,130,3.272865866,3.755954214,0.871380661,0.295754026
farey,candidate,2749,2749,442,3.208900219,4.144146093,0.774321211,0.830161054
farey,candidate,10177,10321,1426,3.519561779,4.446035474,0.791618015,0.893118594
legendre+++,candidate,179,191,24,2.946316688,3.324127689,0.886342813,0.215714983
legendre+++,candidate,739,719,84,4.005157526,3.761061524,1.064900827,0.015617374
legendre+++,candidate,2749,2749,314,3.557239839,4.116833447,0.864071837,0.379697413
legendre+++,candidate,10177,10321,1272,3.615283035,4.422441257,0.817485824,0.796974134
legendre++-,candidate,179,191,22,3.141405100,3.257280994,0.964425576,0.085407516
legendre++-,candidate,739,719,96,2.704292919,3.751616852,0.720833983,0.938018546
legendre++-,candidate,2749,2749,336,3.512657738,4.094994199,0.857793093,0.458760371
legendre++-,candidate,10177,10321,1284,3.553843751,4.402621124,0.807210898,0.851634944
legendre+-+,candidate,179,191,32,3.377197306,3.354863635,1.006657102,0.047828209
legendre+-+,candidate,739,719,74,3.602056014,3.753023498,0.959774437,0.089799902
legendre+-+,candidate,2749,2749,374,2.970610529,4.088759633,0.726530976,0.985846755
legendre+-+,candidate,10177,10321,1302,3.767185364,4.376245044,0.860825965,0.571498292
legendre+--,candidate,179,191,22,2.800516890,3.329198054,0.841198645,0.334309419
legendre+--,candidate,739,719,80,2.984112720,3.725736564,0.800945711,0.643240605
legendre+--,candidate,2749,2749,326,3.943738988,4.099360799,0.962037542,0.102489019
legendre+--,candidate,10177,10321,1320,3.692075705,4.414777082,0.836299463,0.692044900
legendre-++,candidate,179,191,18,2.428727187,3.233449179,0.751125826,0.752562225
legendre-++,candidate,739,719,100,2.682940676,3.750575377,0.715341089,0.956076135
legendre-++,candidate,2749,2749,392,3.734693965,4.091445387,0.912805527,0.225963885
legendre-++,candidate,10177,10321,1240,3.411527279,4.421563080,0.771565896,0.964372865
legendre-+-,candidate,179,191,24,3.029461117,3.315156035,0.913821577,0.154709614
legendre-+-,candidate,739,719,84,3.192634208,3.761808775,0.848696571,0.384089800
legendre-+-,candidate,2749,2749,314,3.185318867,4.105646497,0.775838560,0.879453392
legendre-+-,candidate,10177,10321,1290,3.589191442,4.419361897,0.812151511,0.822352367
legendre--+,candidate,179,191,22,3.407360017,3.272955802,1.041065087,0.028794534
legendre--+,candidate,739,719,102,3.448878831,3.753622417,0.918813468,0.160078087
legendre--+,candidate,2749,2749,336,3.124033308,4.072802285,0.767047622,0.919960957
legendre--+,candidate,10177,10321,1316,3.445136375,4.402906681,0.782468634,0.954123963
legendre---,candidate,179,191,22,2.263508473,3.294788519,0.686996589,0.937530503
legendre---,candidate,739,719,96,2.892379390,3.719735557,0.777576617,0.759882870
legendre---,candidate,2749,2749,356,3.694041558,4.113037535,0.898129795,0.266959492
legendre---,candidate,10177,10321,1290,3.618812529,4.420867656,0.818575178,0.790141532
sha-x,control,179,191,58,2.503511348,3.395235775,0.737360087,0.739385066
sha-x,control,739,719,192,2.605650888,3.817094363,0.682626794,0.980478282
sha-x,control,2749,2749,658,3.499136332,4.095768027,0.854329715,0.487554905
sha-x,control,10177,10321,2664,3.508281587,4.420696760,0.793603764,0.917520742
random-pairs,control,179,191,46,2.691515533,3.397221334,0.792269702,0.506588580
random-pairs,control,739,719,178,2.600980575,3.827118140,0.679618575,0.982430454
random-pairs,control,2749,2749,686,3.444873315,4.114263367,0.837300145,0.527574427
random-pairs,control,10177,10321,2580,3.435309869,4.378155632,0.784647728,0.952659834
log-interval,control,179,191,47,7.132642355,2.748169792,2.595415457,0.000488043
log-interval,control,739,719,179,13.911647840,2.959292267,4.701005033,0.000488043
log-interval,control,2749,2749,687,27.248996930,3.187308200,8.549219348,0.000488043
log-interval,control,10177,10321,2580,52.805160317,3.399291959,15.534164454,0.000488043
