phase	comparison	pair	order	variant	binary	rateMps	updates	logSha256	gpuState
warmup	baseline	0	1	warmup	baseline	15880.749	201863462912	b61491e4443dc9c5de3e537bf138926ac65338364b6105f713e185f32e9e7407	2415, 538.94, 51
warmup	pair-ilp	0	1	warmup	pair-ilp	15683.91	201863462912	5cc0f4eb234a0d758341aef08ac89b9bb400c19d419b2cc7365ae279f4626ca7	2392, 557.67, 59
warmup	pair-clmul	0	1	warmup	pair-clmul	15657.763000000001	201863462912	c722d05a956bf14db24159343c1cdee4bb7c9f63f5c41c6d86e8c809656d5f70	2370, 571.47, 67
warmup	l2-persist	0	1	warmup	l2-persist	15488.102000000001	201863462912	97576f7735fec61632ef4c05d89d9925d0b7decf65fc8eae4931a6a202f1d3d2	2347, 578.36, 69
warmup	unroll2	0	1	warmup	unroll2	15028.57	201863462912	836a8d9cdfb9496160b08e4c6e3f69df110ca0e44db3cc4d23e34db023047d8f	2400, 573.11, 70
warmup	from-reduced	0	1	warmup	from-reduced	15640.748	201863462912	1f314df6b9242c788a37adb5bd2158b045540fc18c718f133cdf20956f11b63e	2355, 584.60, 65
warmup	inv-poly1	0	1	warmup	inv-poly1	15522.009	201863462912	dfb2bd3d37942b020d5db16bd298b23a9bd56216003feb04dd3390b8696dc602	2370, 578.18, 64
warmup	inv-poly2	0	1	warmup	inv-poly2	15622.907999999999	201863462912	9d0c90d6941f21c385b1a310b35357f7fd390e118b2eac0a628c28901de5f190	2377, 551.56, 63
warmup	clmul-flat	0	1	warmup	clmul-flat	15420.361999999999	201863462912	6b4916aeb0a42c38e303fe51bc31885072c4dc8a1aaab943ca936a8d667732d8	2392, 535.74, 63
warmup	alu-square	0	1	warmup	alu-square	15379.486000000001	201863462912	c498ab45856771c716261d8ad95b6f81333dd141a05ca7349ee47d9cbd8e8639	2370, 551.76, 64
warmup	late-y	0	1	warmup	late-y	15537.446	201863462912	9da911047a93adf1a12af41d9cc49c55648cf2e285817d82882d30950b14c19a	2362, 573.23, 67
aa	baseline-aa	1	1	a	baseline	15551.371999999999	201863462912	de8020e6ca73cda11505a0f33ca9d2c62a18ffd9f7c17b7405e4a2b5211db8cc	2385, 558.66, 65
aa	baseline-aa	1	2	b	baseline	15553.126	201863462912	eb80135538b78ea9f683e83cef132e5fa318037b6b04de1163cbbac212c62dda	2362, 565.07, 66
aa	baseline-aa	2	1	b	baseline	15547.18	201863462912	5b66d36825c872a480c98e09af7c51426c723d955ff09ef277a31e4fa647965e	2347, 540.71, 65
aa	baseline-aa	2	2	a	baseline	15547.021000000001	201863462912	43f8a59d8e77b0a541f1c9957270cd65056afab304ba032775909d4e0f299ef5	2347, 562.95, 67
aa	baseline-aa	3	1	a	baseline	15547.976000000001	201863462912	c76589618ed14a060c2f18ae68cb58b4e3bd3d2e74598e13b0b3183e40e397f8	2362, 541.11, 65
aa	baseline-aa	3	2	b	baseline	15542.519	201863462912	2cda45f912a49f50c3d92793a7666edea13781a6e2ef0d04e121de256deaa39d	2392, 527.82, 64
aa	baseline-aa	4	1	b	baseline	15546.023999999999	201863462912	bb68a993682d384a26c6a18675f4e1cdbe0d030aeec3a2778feee8a2bcbbc29d	2362, 543.41, 66
aa	baseline-aa	4	2	a	baseline	15545.271000000001	201863462912	54329302733987222982bc3febc57cb406395a054bfa74961222f7f598328d84	2347, 560.89, 72
aa	baseline-aa	5	1	a	baseline	15546.117	201863462912	020beb81e5698dadb29e9d76587c0530a7e37a3597626aa5b05fc80d06a9c2f1	2362, 564.15, 64
aa	baseline-aa	5	2	b	baseline	15539.332	201863462912	46f27f8d0aa40a1f57b1b975242ae7af3f525946d9d860c8e6272ca70cb86a5b	2370, 590.49, 67
screen	pair-ilp	1	1	candidate	pair-ilp	15472.353999999999	201863462912	a8a01e3ae3f5338ace5c65437a3813a5fff297728d9d9b2d61653adb12cea8a6	2377, 561.49, 65
screen	pair-ilp	1	2	baseline	baseline	15544.692999999999	201863462912	8e1addbfcfb62bae292ff9bb76c12e9475de7e3ad8c2c789dd48c01d7389bed4	2347, 582.08, 67
screen	pair-clmul	1	1	baseline	baseline	15549.959000000001	201863462912	b097fa4031b8284b1953b4aba5d73daffdd2f7a0eb5c7ae0a09dd30baeee8675	2362, 567.07, 66
screen	pair-clmul	1	2	candidate	pair-clmul	15513.08	201863462912	b5a46da266e372fa7740faf4a3fe18427245d3a28c4dcaa6a33d312b2822d2d1	2355, 548.07, 64
screen	l2-persist	1	1	candidate	l2-persist	15389.657999999999	201863462912	330817d16b7558063fc62744f62d3eb9705c74bf5df62b9c3c1b58831b75c776	2332, 555.63, 65
screen	l2-persist	1	2	baseline	baseline	15545.369000000001	201863462912	79303357728a68413e24133feeda60d4ee88d593263160a4e7761d4aeffc52c3	2370, 567.51, 69
screen	unroll2	1	1	baseline	baseline	15547.112999999999	201863462912	7512148b69708510c2821cd000d41696bcb6280c77c5186e7ad36906741c63be	2362, 551.50, 65
screen	unroll2	1	2	candidate	unroll2	14949.043	201863462912	d4f76e3d420bd5552d910594b814edae25d6659b0bbcd0f8aae65ed3f48b41cd	2355, 544.57, 65
screen	from-reduced	1	1	candidate	from-reduced	15591.620000000001	201863462912	6131b016c63c7e0123b34199c5082fad06d8259df714d6e58f49406f2f790dd7	2347, 591.06, 73
screen	from-reduced	1	2	baseline	baseline	15544.280000000001	201863462912	157f7bd38bbe0194586af8ecc163f2b8478265ad253e6fb0126faf0727bcf7f7	2377, 569.28, 72
screen	inv-poly1	1	1	baseline	baseline	15543.421	201863462912	46092195d558eee374a07b2a3cd0d7a62ffce2a4671bac49b8d884618407d988	2362, 546.74, 68
screen	inv-poly1	1	2	candidate	inv-poly1	15487.097	201863462912	4de939689b0eeb7d89cd061a5c4d19d82f58bf88d0a8017ab82ee77da6b8cf83	2340, 545.07, 63
screen	inv-poly2	1	1	candidate	inv-poly2	15602.549000000001	201863462912	3215c354c602181fbbdf4fb691ca5c38de5010c26415b3568d9c2075008750ea	2385, 554.13, 64
screen	inv-poly2	1	2	baseline	baseline	15539.227999999999	201863462912	4954e7b54fbd36dba634a53733fad9071888b117dfa0bfb3484fb2d3a9625c86	2355, 572.89, 66
screen	clmul-flat	1	1	baseline	baseline	15538.978999999999	201863462912	754ba1a1d736fbcc3925ebc9540f0f4d4f44fbfaff0e3d03625533fbaa714e48	2355, 563.01, 65
screen	clmul-flat	1	2	candidate	clmul-flat	15394.682000000001	201863462912	c23aaa653994e81f5b98813037795a853d1122732c25f521952e2d587793e0de	2355, 555.86, 65
screen	alu-square	1	1	candidate	alu-square	15363.743	201863462912	74c18c2ccf9c6f2e27e93d01311b44561b5bfc416e8a6b811a6511282f0d688f	2355, 557.83, 65
screen	alu-square	1	2	baseline	baseline	15536.713	201863462912	6787a6bc76392acc6165d46f0d10c0c47c36823f4d90aab67b58480cc3c40b24	2347, 552.07, 65
screen	late-y	1	1	baseline	baseline	15536.017	201863462912	2f7c95d7cc0441e15b300f9259bdc4ef29a2c63e04b6e200633a84716dc589b6	2355, 539.27, 65
screen	late-y	1	2	candidate	late-y	15514.538	201863462912	c74a05eb3203233087c6362f6ad6532433d37235b5633f046c20f9b914643927	2377, 588.08, 65
screen	late-y	2	1	candidate	late-y	15516.273999999999	201863462912	08bd02cd08b519a610e466cd04115da96af844c8b0798b00f4974c3106880534	2362, 582.62, 73
screen	late-y	2	2	baseline	baseline	15539.583000000001	201863462912	66b183f2fdedffa2e8e543b7ae21df343437f12388234d21698074e6d45282c3	2355, 571.08, 72
screen	alu-square	2	1	baseline	baseline	15535.790999999999	201863462912	d15153647a978ea449792c29a12a956451df039fb50b0125ffc11e171485ddf1	2355, 556.69, 68
screen	alu-square	2	2	candidate	alu-square	15361.17	201863462912	e1a4294ad619153b6e94d1d533e4acac212aaa0b697297c948114e1f7a1520df	2347, 559.80, 69
screen	clmul-flat	2	1	candidate	clmul-flat	15401.233	201863462912	95f1c50b52bb3a50476c73459a6d3ad9762cae6fd31a4549bb9b80ab9e44a6df	2370, 551.32, 71
screen	clmul-flat	2	2	baseline	baseline	15536.136	201863462912	4fd4014f0b90d65309d58a4b70a3791a5ca72dfd6c5da412eb1e54169a829af0	2347, 541.60, 63
screen	inv-poly2	2	1	baseline	baseline	15537.814	201863462912	70b1b5b6fb020998915579d55c46a00a0e5a188136b2963ff8fda06aeaa32a37	2370, 575.92, 65
screen	inv-poly2	2	2	candidate	inv-poly2	15588.653	201863462912	fbebc7a0bac3357a308a046e14cf9d6c8beb234ec038d42661223f1a36286643	2355, 574.16, 66
screen	inv-poly1	2	1	candidate	inv-poly1	15491.848	201863462912	eeb30782a872ce278703ea25fcfed309cb1e9534505c917415d7576bbb9a5904	2355, 558.27, 65
screen	inv-poly1	2	2	baseline	baseline	15538.066000000001	201863462912	a6c382e1681e5ba9e02880e46b5b2b9b13308588a75ed09111752a8ceb5a1f4a	2347, 585.08, 72
screen	from-reduced	2	1	baseline	baseline	15540.744000000001	201863462912	85664c21d2b5495c4e709af662a46d8f13ede127f514aece51a4922415e5622d	2385, 553.82, 65
screen	from-reduced	2	2	candidate	from-reduced	15592.743	201863462912	96ec9fea0a776336a9317f9d01ffc39aff8be2b6580d9e04fcce73118588f82a	2355, 547.31, 64
screen	unroll2	2	1	candidate	unroll2	14950.190000000001	201863462912	63a09a0dd039f82fbff6c0a766cf0a8e4a6a5061426cdd48ce86b06916b13498	2362, 567.37, 68
screen	unroll2	2	2	baseline	baseline	15546.543	201863462912	96e86ae6d2be196de5fd62f3796b1304276622897308268c95169675a56710a6	2370, 570.46, 70
screen	l2-persist	2	1	baseline	baseline	15547.960999999999	201863462912	0ccf8cf9a1a5e6c2c032d2daefe54599bdfe2ce0d6026525a170d81f63695749	2370, 568.18, 69
screen	l2-persist	2	2	candidate	l2-persist	15384.414000000001	201863462912	bc5170e40542824614c04fe1783f1639a3a791ef8f46b573c2fc805eac6f4145	2355, 562.10, 69
screen	pair-clmul	2	1	candidate	pair-clmul	15512.038	201863462912	ee2b31565dd3714d846b886279687210ca945a308b5b008d617d00fce208a913	2377, 570.00, 72
screen	pair-clmul	2	2	baseline	baseline	15547.647999999999	201863462912	3c2166a6a2891042c4065e1ab5c2fe942f94a920683b251213fdeee7ba37742b	2355, 546.92, 70
screen	pair-ilp	2	1	baseline	baseline	15548.518	201863462912	90a6f0b42825b2c9c95201740b77017a09ad98d2798a9365fb62323d7a32a8bd	2347, 587.69, 63
screen	pair-ilp	2	2	candidate	pair-ilp	15476.011	201863462912	bb81bb6b8c8571ef974a18c8c24a101096606120ba989b46655d29db7c72124e	2347, 558.91, 64
screen	inv-poly1	3	1	baseline	baseline	15549.846	201863462912	d13ef843c7baa487c0d14a759852c244b611b81bd12b67eebd7190743d101a14	2362, 552.93, 65
screen	inv-poly1	3	2	candidate	inv-poly1	15480.174999999999	201863462912	27c61830c1aca08699b159e5303ebe73c507413a85eb4226efa2a01c0a173a5a	2362, 567.43, 66
screen	inv-poly2	3	1	candidate	inv-poly2	15587.928	201863462912	01aaeacda2b1bb9437537c31a3ac79f0ea3c96710b545db11519afdd5055d7a0	2355, 584.03, 72
screen	inv-poly2	3	2	baseline	baseline	15539.704	201863462912	4e6f7110abde95dda439f7775b2849c74f8a517ba510e3dc0de928aca5bd68f0	2355, 541.62, 65
screen	clmul-flat	3	1	baseline	baseline	15539.101000000001	201863462912	6b99126f60f4031ddfd52d1d1c2c2035940e036e6a5f6ba263e7deda1f995413	2355, 573.89, 72
screen	clmul-flat	3	2	candidate	clmul-flat	15407.76	201863462912	6461820255d677438c2620c9332f1ec5a8106e3cc6cda69eeff5a34d91ddcd74	2355, 559.64, 66
screen	alu-square	3	1	candidate	alu-square	15360.093999999999	201863462912	0b604cb268c1dae7dfd3c737c6fa39724e9be9c7a2a8313fb8496c850ad1dfe9	2355, 575.87, 73
screen	alu-square	3	2	baseline	baseline	15544.075000000001	201863462912	7e4af8371e1820e87271f0015fa2250916c0ee0e230c374543849d75e5483c19	2355, 578.11, 72
screen	late-y	3	1	baseline	baseline	15543.812	201863462912	e6e59b2a2ae00ef4d0970bcedb79e28a44130e0e5a6afed87f91e38692c5e2e3	2355, 561.57, 69
screen	late-y	3	2	candidate	late-y	15520.625	201863462912	9f1b751337d43820bfa054508ed977e7f1b4bac0ad8fbc789186e98bce7fc638	2377, 544.35, 67
screen	pair-ilp	3	1	candidate	pair-ilp	15463.896000000001	201863462912	e498e7360d7c6f088c47bc9f3e69dae17c7337b4d968f59f49fe1761ddece5f1	2385, 560.96, 72
screen	pair-ilp	3	2	baseline	baseline	15543.802	201863462912	a8ec4db61c4ca3aaaead81c054992de35ca80a16acb12035c4e845e0f559bb10	2362, 548.52, 72
screen	pair-clmul	3	1	baseline	baseline	15537.996999999999	201863462912	18f89f8e9193026cef98c34cce30cc2975b67ab8c082815a67358654b7e2192f	2347, 582.22, 67
screen	pair-clmul	3	2	candidate	pair-clmul	15501.217000000001	201863462912	94e1e8259af6f8102d70b71fa77ec943ee2d69747c3a098b042eed012f091a11	2347, 548.36, 64
screen	l2-persist	3	1	candidate	l2-persist	15384.171	201863462912	1f44b3bc8eb3f54ce64371159fd622d640eaa9bd0d0d309ae9da077ba3f85dc4	2340, 553.09, 64
screen	l2-persist	3	2	baseline	baseline	15535.129000000001	201863462912	9a0567304ac60b2527d08e197a3c09f64ddb4812ce574218dd54ab02e717cc1e	2355, 586.15, 72
screen	unroll2	3	1	baseline	baseline	15536.823	201863462912	5a2693d9f08441dfbd2bd6baaf0b4e0e87245bab04dd6816f08c5dbcb8c9983f	2385, 560.89, 66
screen	unroll2	3	2	candidate	unroll2	14945.647000000001	201863462912	e687d0b3d6a81835b0a0254416e55131380d3c742e82c250cb4e3dcca0b6a25b	2370, 560.00, 66
screen	from-reduced	3	1	candidate	from-reduced	15586.681	201863462912	79030e737eb3f3e4c921de9ebd29fc6796b7c9678d8d6c97cff6fc1d95cce2b4	2355, 572.36, 69
screen	from-reduced	3	2	baseline	baseline	15539.047	201863462912	b5ba4f166a2606b1eccfff260845af09841022a50a435a367383fd0fef032c1d	2377, 560.18, 68
