group,category,count,total,status
edge_direction,horizontal,1063999,1063999,proved
edge_direction,ascending,0,1063999,proved_absent
edge_direction,descending,0,1063999,proved_absent
edge_direction,unknown,0,1063999,none
endomorphism_conductor,one,1064000,1064000,proved
endomorphism_conductor,unresolved,0,1064000,none
model_branch,a_minus_3,532092,1064000,measured
model_branch,general_canonical,531907,1064000,measured
model_branch,registered_root,1,1064000,measured
special_j,j_zero,0,1064000,measured_absent
special_j,j_1728,0,1064000,measured_absent
discrepancy,any,0,1064000,none
