phase	round	workers	variant	rateMps	persistWindow	gpuState
warmup	0	96256	tablep	16848.779	 83886080 of 104726528 field bytes, cap 83886080	2422, 493.30, 42
warmup	0	96256	penta	13221.814	 83886080 of 104726528 field bytes, cap 83886080	2392, 432.56, 43
one	1	96256	tablep	16913.159	 83886080 of 104726528 field bytes, cap 83886080	2422, 518.37, 48
one	1	96256	penta	13271.548	 83886080 of 104726528 field bytes, cap 83886080	2422, 468.81, 49
one	2	96256	penta	13273.271	 83886080 of 104726528 field bytes, cap 83886080	2422, 484.74, 51
one	2	96256	tablep	16917.080	 83886080 of 104726528 field bytes, cap 83886080	2422, 512.75, 52
one	3	96256	tablep	16918.317	 83886080 of 104726528 field bytes, cap 83886080	2422, 550.40, 52
one	3	96256	penta	13272.879	 83886080 of 104726528 field bytes, cap 83886080	2422, 480.13, 54
one	4	96256	penta	13273.348	 83886080 of 104726528 field bytes, cap 83886080	2422, 498.76, 56
one	4	96256	tablep	16918.181	 83886080 of 104726528 field bytes, cap 83886080	2422, 516.30, 55
